,mes,razon_social,plazo,tasa_pasiva_efectiva,ULTIMA_CALIFICACIÓN
222948,2025-09,ASOCIACION MUTUALISTA DE AHORRO Y CREDITO PARA LA VIVIENDA AMBATO,a. MENOS DE 30 DIAS,1.75363922259002,B+
222949,2025-09,ASOCIACION MUTUALISTA DE AHORRO Y CREDITO PARA LA VIVIENDA AMBATO,b. 30 - 60 DIAS,5.61516982977753,B+
222950,2025-09,ASOCIACION MUTUALISTA DE AHORRO Y CREDITO PARA LA VIVIENDA AMBATO,c. 61 - 90 DIAS,5.94631177696697,B+
222951,2025-09,ASOCIACION MUTUALISTA DE AHORRO Y CREDITO PARA LA VIVIENDA AMBATO,d. 91 - 120 DIAS,6.11443414807919,B+
222952,2025-09,ASOCIACION MUTUALISTA DE AHORRO Y CREDITO PARA LA VIVIENDA AMBATO,e. 121 - 180 DIAS,6.33524760890422,B+
222953,2025-09,ASOCIACION MUTUALISTA DE AHORRO Y CREDITO PARA LA VIVIENDA AMBATO,f. 181 - 360 DIAS,8.19625646820845,B+
222954,2025-09,ASOCIACION MUTUALISTA DE AHORRO Y CREDITO PARA LA VIVIENDA AMBATO,g. MAS DE 360 DIAS,9.65763382565665,B+
222955,2025-09,ASOCIACION MUTUALISTA DE AHORRO Y CREDITO PARA LA VIVIENDA AZUAY,a. MENOS DE 30 DIAS,0.75,AA
222956,2025-09,ASOCIACION MUTUALISTA DE AHORRO Y CREDITO PARA LA VIVIENDA AZUAY,b. 30 - 60 DIAS,4.939443538722488,AA
222957,2025-09,ASOCIACION MUTUALISTA DE AHORRO Y CREDITO PARA LA VIVIENDA AZUAY,c. 61 - 90 DIAS,5.549822801009524,AA
222958,2025-09,ASOCIACION MUTUALISTA DE AHORRO Y CREDITO PARA LA VIVIENDA AZUAY,d. 91 - 120 DIAS,5.671494121032017,AA
222959,2025-09,ASOCIACION MUTUALISTA DE AHORRO Y CREDITO PARA LA VIVIENDA AZUAY,e. 121 - 180 DIAS,5.798735702360271,AA
222960,2025-09,ASOCIACION MUTUALISTA DE AHORRO Y CREDITO PARA LA VIVIENDA AZUAY,f. 181 - 360 DIAS,5.9703489215507455,AA
222961,2025-09,ASOCIACION MUTUALISTA DE AHORRO Y CREDITO PARA LA VIVIENDA AZUAY,g. MAS DE 360 DIAS,6.580204613698879,AA
222962,2025-09,ASOCIACION MUTUALISTA DE AHORRO Y CREDITO PARA LA VIVIENDA IMBABURA,a. MENOS DE 30 DIAS,1.6838295604366,B+
222963,2025-09,ASOCIACION MUTUALISTA DE AHORRO Y CREDITO PARA LA VIVIENDA IMBABURA,b. 30 - 60 DIAS,6.106083081484062,B+
222964,2025-09,ASOCIACION MUTUALISTA DE AHORRO Y CREDITO PARA LA VIVIENDA IMBABURA,c. 61 - 90 DIAS,6.418357483515277,B+
222965,2025-09,ASOCIACION MUTUALISTA DE AHORRO Y CREDITO PARA LA VIVIENDA IMBABURA,d. 91 - 120 DIAS,6.334714651640056,B+
222966,2025-09,ASOCIACION MUTUALISTA DE AHORRO Y CREDITO PARA LA VIVIENDA IMBABURA,e. 121 - 180 DIAS,7.2859611547049035,B+
222967,2025-09,ASOCIACION MUTUALISTA DE AHORRO Y CREDITO PARA LA VIVIENDA IMBABURA,f. 181 - 360 DIAS,7.208494621222023,B+
222968,2025-09,ASOCIACION MUTUALISTA DE AHORRO Y CREDITO PARA LA VIVIENDA IMBABURA,g. MAS DE 360 DIAS,7.641755373626662,B+
222969,2025-09,ASOCIACION MUTUALISTA DE AHORRO Y CREDITO PARA LA VIVIENDA PICHINCHA,a. MENOS DE 30 DIAS,1.472046219552705,AA
222970,2025-09,ASOCIACION MUTUALISTA DE AHORRO Y CREDITO PARA LA VIVIENDA PICHINCHA,b. 30 - 60 DIAS,4.676964386804088,AA
222971,2025-09,ASOCIACION MUTUALISTA DE AHORRO Y CREDITO PARA LA VIVIENDA PICHINCHA,c. 61 - 90 DIAS,5.001132043012031,AA
222972,2025-09,ASOCIACION MUTUALISTA DE AHORRO Y CREDITO PARA LA VIVIENDA PICHINCHA,d. 91 - 120 DIAS,5.260834051261658,AA
222973,2025-09,ASOCIACION MUTUALISTA DE AHORRO Y CREDITO PARA LA VIVIENDA PICHINCHA,e. 121 - 180 DIAS,5.602453981871587,AA
222974,2025-09,ASOCIACION MUTUALISTA DE AHORRO Y CREDITO PARA LA VIVIENDA PICHINCHA,f. 181 - 360 DIAS,5.874515921748277,AA
222975,2025-09,ASOCIACION MUTUALISTA DE AHORRO Y CREDITO PARA LA VIVIENDA PICHINCHA,g. MAS DE 360 DIAS,6.5717672626351495,AA
222976,2025-09,BANCO AMAZONAS S.A.,a. MENOS DE 30 DIAS,0.0829238146397631,AA+
222977,2025-09,BANCO AMAZONAS S.A.,b. 30 - 60 DIAS,3.946957833886587,AA+
222978,2025-09,BANCO AMAZONAS S.A.,c. 61 - 90 DIAS,4.734992268726454,AA+
222979,2025-09,BANCO AMAZONAS S.A.,d. 91 - 120 DIAS,4.950520751241143,AA+
222980,2025-09,BANCO AMAZONAS S.A.,e. 121 - 180 DIAS,5.1824819219780505,AA+
222981,2025-09,BANCO AMAZONAS S.A.,f. 181 - 360 DIAS,5.511212696950355,AA+
222982,2025-09,BANCO AMAZONAS S.A.,g. MAS DE 360 DIAS,5.833948442894508,AA+
222983,2025-09,BANCO ATLÁNTIDA S.A.,a. MENOS DE 30 DIAS,1.67525869287535,AA+
222984,2025-09,BANCO ATLÁNTIDA S.A.,b. 30 - 60 DIAS,4.709791894310703,AA+
222985,2025-09,BANCO ATLÁNTIDA S.A.,c. 61 - 90 DIAS,4.682247645574883,AA+
222986,2025-09,BANCO ATLÁNTIDA S.A.,d. 91 - 120 DIAS,5.0687035849696755,AA+
222987,2025-09,BANCO ATLÁNTIDA S.A.,e. 121 - 180 DIAS,5.56641861078473,AA+
222988,2025-09,BANCO ATLÁNTIDA S.A.,f. 181 - 360 DIAS,5.622854233144442,AA+
222989,2025-09,BANCO ATLÁNTIDA S.A.,g. MAS DE 360 DIAS,6.6577056885703225,AA+
222990,2025-09,BANCO BOLIVARIANO S.A.,a. MENOS DE 30 DIAS,0.7465000428845665,AAA
222991,2025-09,BANCO BOLIVARIANO S.A.,b. 30 - 60 DIAS,4.480492122185205,AAA
222992,2025-09,BANCO BOLIVARIANO S.A.,c. 61 - 90 DIAS,4.431672679377495,AAA
222993,2025-09,BANCO BOLIVARIANO S.A.,d. 91 - 120 DIAS,4.885736128979369,AAA
222994,2025-09,BANCO BOLIVARIANO S.A.,e. 121 - 180 DIAS,4.98755017459796,AAA
222995,2025-09,BANCO BOLIVARIANO S.A.,f. 181 - 360 DIAS,5.165543438445886,AAA
222996,2025-09,BANCO BOLIVARIANO S.A.,g. MAS DE 360 DIAS,5.224053054234242,AAA
222997,2025-09,BANCO CAPITAL S.A.,a. MENOS DE 30 DIAS,1.0,BB+
222998,2025-09,BANCO CAPITAL S.A.,b. 30 - 60 DIAS,4.960150937463587,BB+
222999,2025-09,BANCO CAPITAL S.A.,c. 61 - 90 DIAS,5.422747166697846,BB+
223000,2025-09,BANCO CAPITAL S.A.,d. 91 - 120 DIAS,5.930320615863766,BB+
223001,2025-09,BANCO CAPITAL S.A.,e. 121 - 180 DIAS,6.945989585059124,BB+
223002,2025-09,BANCO CAPITAL S.A.,f. 181 - 360 DIAS,7.600206701225698,BB+
223003,2025-09,BANCO CAPITAL S.A.,g. MAS DE 360 DIAS,8.04171518464171,BB+
223004,2025-09,BANCO COMERCIAL DE MANABÍ S.A.,a. MENOS DE 30 DIAS,0.8,AA
223005,2025-09,BANCO COMERCIAL DE MANABÍ S.A.,b. 30 - 60 DIAS,4.9337217398923325,AA
223006,2025-09,BANCO COMERCIAL DE MANABÍ S.A.,c. 61 - 90 DIAS,5.045887058577954,AA
223007,2025-09,BANCO COMERCIAL DE MANABÍ S.A.,d. 91 - 120 DIAS,5.289600584808789,AA
223008,2025-09,BANCO COMERCIAL DE MANABÍ S.A.,e. 121 - 180 DIAS,5.53775,AA
223009,2025-09,BANCO COMERCIAL DE MANABÍ S.A.,f. 181 - 360 DIAS,5.931729108902476,AA
223010,2025-09,BANCO COMERCIAL DE MANABÍ S.A.,g. MAS DE 360 DIAS,6.381676629927616,AA
223011,2025-09,BANCO COOPNACIONAL S.A.,a. MENOS DE 30 DIAS,0.99,AA+
223012,2025-09,BANCO COOPNACIONAL S.A.,b. 30 - 60 DIAS,3.0400000000000005,AA+
223013,2025-09,BANCO COOPNACIONAL S.A.,c. 61 - 90 DIAS,3.0391991379083203,AA+
223014,2025-09,BANCO COOPNACIONAL S.A.,d. 91 - 120 DIAS,3.5488704881303246,AA+
223015,2025-09,BANCO COOPNACIONAL S.A.,e. 121 - 180 DIAS,3.97835657189765,AA+
223016,2025-09,BANCO COOPNACIONAL S.A.,f. 181 - 360 DIAS,3.997670915725412,AA+
223017,2025-09,BANCO COOPNACIONAL S.A.,g. MAS DE 360 DIAS,4.9999723130314635,AA+
223018,2025-09,BANCO DE DESARROLLO DEL ECUADOR,b. 30 - 60 DIAS,2.0,AAA
223019,2025-09,BANCO DE DESARROLLO DEL ECUADOR,d. 91 - 120 DIAS,2.5,AAA
223020,2025-09,BANCO DE DESARROLLO DEL ECUADOR,f. 181 - 360 DIAS,2.77516129032258,AAA
223021,2025-09,BANCO DE GUAYAQUIL S.A.,a. MENOS DE 30 DIAS,0.922476273768665,AAA-
223022,2025-09,BANCO DE GUAYAQUIL S.A.,b. 30 - 60 DIAS,4.16873161450007,AAA-
223023,2025-09,BANCO DE GUAYAQUIL S.A.,c. 61 - 90 DIAS,4.5138706756920275,AAA-
223024,2025-09,BANCO DE GUAYAQUIL S.A.,d. 91 - 120 DIAS,4.588056212515993,AAA-
223025,2025-09,BANCO DE GUAYAQUIL S.A.,e. 121 - 180 DIAS,4.861963645973758,AAA-
223026,2025-09,BANCO DE GUAYAQUIL S.A.,f. 181 - 360 DIAS,5.098226477469193,AAA-
223027,2025-09,BANCO DE GUAYAQUIL S.A.,g. MAS DE 360 DIAS,5.460726922485144,AAA-
223028,2025-09,BANCO DE LA PRODUCCIÓN PRODUBANCO S.A.,a. MENOS DE 30 DIAS,0.24381495902631276,AAA
223029,2025-09,BANCO DE LA PRODUCCIÓN PRODUBANCO S.A.,b. 30 - 60 DIAS,4.268862316649844,AAA
223030,2025-09,BANCO DE LA PRODUCCIÓN PRODUBANCO S.A.,c. 61 - 90 DIAS,4.410151457762507,AAA
223031,2025-09,BANCO DE LA PRODUCCIÓN PRODUBANCO S.A.,d. 91 - 120 DIAS,4.622791867448765,AAA
223032,2025-09,BANCO DE LA PRODUCCIÓN PRODUBANCO S.A.,e. 121 - 180 DIAS,4.894824004662722,AAA
223033,2025-09,BANCO DE LA PRODUCCIÓN PRODUBANCO S.A.,f. 181 - 360 DIAS,5.140010880597592,AAA
223034,2025-09,BANCO DE LA PRODUCCIÓN PRODUBANCO S.A.,g. MAS DE 360 DIAS,5.48365588740768,AAA
223035,2025-09,BANCO DE LOJA S.A.,a. MENOS DE 30 DIAS,0.02,AAA
223036,2025-09,BANCO DE LOJA S.A.,b. 30 - 60 DIAS,4.327995146175342,AAA
223037,2025-09,BANCO DE LOJA S.A.,c. 61 - 90 DIAS,4.593546087280898,AAA
223038,2025-09,BANCO DE LOJA S.A.,d. 91 - 120 DIAS,4.968651479073459,AAA
223039,2025-09,BANCO DE LOJA S.A.,e. 121 - 180 DIAS,5.337582462812656,AAA
223040,2025-09,BANCO DE LOJA S.A.,f. 181 - 360 DIAS,5.986286007658642,AAA
223041,2025-09,BANCO DE LOJA S.A.,g. MAS DE 360 DIAS,6.37570293010884,AAA
223042,2025-09,BANCO DE MACHALA S.A.,a. MENOS DE 30 DIAS,1.4939883476095916,AAA- 
223043,2025-09,BANCO DE MACHALA S.A.,b. 30 - 60 DIAS,2.880018876880807,AAA- 
223044,2025-09,BANCO DE MACHALA S.A.,c. 61 - 90 DIAS,4.7725400146257515,AAA- 
223045,2025-09,BANCO DE MACHALA S.A.,d. 91 - 120 DIAS,5.027508376382401,AAA- 
223046,2025-09,BANCO DE MACHALA S.A.,e. 121 - 180 DIAS,5.124694078138654,AAA- 
223047,2025-09,BANCO DE MACHALA S.A.,f. 181 - 360 DIAS,5.157030055337032,AAA- 
223048,2025-09,BANCO DE MACHALA S.A.,g. MAS DE 360 DIAS,5.689603686368803,AAA- 
223049,2025-09,BANCO DEL AUSTRO S.A.,a. MENOS DE 30 DIAS,1.3711854983892011, AAA-
223050,2025-09,BANCO DEL AUSTRO S.A.,b. 30 - 60 DIAS,4.229536491299245, AAA-
223051,2025-09,BANCO DEL AUSTRO S.A.,c. 61 - 90 DIAS,4.365641782383226, AAA-
223052,2025-09,BANCO DEL AUSTRO S.A.,d. 91 - 120 DIAS,4.6862490485086115, AAA-
223053,2025-09,BANCO DEL AUSTRO S.A.,e. 121 - 180 DIAS,4.868816004425046, AAA-
223054,2025-09,BANCO DEL AUSTRO S.A.,f. 181 - 360 DIAS,5.333509597583518, AAA-
223055,2025-09,BANCO DEL AUSTRO S.A.,g. MAS DE 360 DIAS,5.752682123467549, AAA-
223056,2025-09,BANCO DEL LITORAL S.A.,a. MENOS DE 30 DIAS,0.5,A
223057,2025-09,BANCO DEL LITORAL S.A.,b. 30 - 60 DIAS,2.63780783714474,A
223058,2025-09,BANCO DEL LITORAL S.A.,d. 91 - 120 DIAS,3.70162142149319,A
223059,2025-09,BANCO DEL LITORAL S.A.,f. 181 - 360 DIAS,3.4818766455345047,A
223060,2025-09,BANCO DEL LITORAL S.A.,g. MAS DE 360 DIAS,5.538379343186221,A
223061,2025-09,BANCO DEL PACÍFICO S.A.,a. MENOS DE 30 DIAS,1.059295172068569,AAA-
223062,2025-09,BANCO DEL PACÍFICO S.A.,b. 30 - 60 DIAS,4.293655626476048,AAA-
223063,2025-09,BANCO DEL PACÍFICO S.A.,c. 61 - 90 DIAS,4.511807829213358,AAA-
223064,2025-09,BANCO DEL PACÍFICO S.A.,d. 91 - 120 DIAS,4.600057207995429,AAA-
223065,2025-09,BANCO DEL PACÍFICO S.A.,e. 121 - 180 DIAS,4.894660454987134,AAA-
223066,2025-09,BANCO DEL PACÍFICO S.A.,f. 181 - 360 DIAS,5.229935963812542,AAA-
223067,2025-09,BANCO DEL PACÍFICO S.A.,g. MAS DE 360 DIAS,5.670081737713817,AAA-
223068,2025-09,BANCO DELBANK S.A.,b. 30 - 60 DIAS,5.669849437513944,A
223069,2025-09,BANCO DELBANK S.A.,c. 61 - 90 DIAS,6.127727272727276,A
223070,2025-09,BANCO DELBANK S.A.,d. 91 - 120 DIAS,6.21754265494856,A
223071,2025-09,BANCO DELBANK S.A.,e. 121 - 180 DIAS,5.9,A
223072,2025-09,BANCO DELBANK S.A.,f. 181 - 360 DIAS,6.265131530771406,A
223073,2025-09,BANCO DELBANK S.A.,g. MAS DE 360 DIAS,6.699492578969344,A
223074,2025-09,BANCO DESARROLLO DE LOS PUEBLOS S.A.,a. MENOS DE 30 DIAS,1.2650000000000001,A
223075,2025-09,BANCO DESARROLLO DE LOS PUEBLOS S.A.,b. 30 - 60 DIAS,2.9953351206233765,A
223076,2025-09,BANCO DESARROLLO DE LOS PUEBLOS S.A.,c. 61 - 90 DIAS,2.73583754345704,A
223077,2025-09,BANCO DESARROLLO DE LOS PUEBLOS S.A.,d. 91 - 120 DIAS,3.3162845701501125,A
223078,2025-09,BANCO DESARROLLO DE LOS PUEBLOS S.A.,e. 121 - 180 DIAS,3.0275,A
223079,2025-09,BANCO DESARROLLO DE LOS PUEBLOS S.A.,f. 181 - 360 DIAS,4.400205682321299,A
223080,2025-09,BANCO DESARROLLO DE LOS PUEBLOS S.A.,g. MAS DE 360 DIAS,4.71407040071933,A
223081,2025-09,BANCO DINERS CLUB DEL ECUADOR S.A.,a. MENOS DE 30 DIAS,2.585747269930075,
223082,2025-09,BANCO DINERS CLUB DEL ECUADOR S.A.,b. 30 - 60 DIAS,4.057353025012616,
223083,2025-09,BANCO DINERS CLUB DEL ECUADOR S.A.,c. 61 - 90 DIAS,5.093651064002584,
223084,2025-09,BANCO DINERS CLUB DEL ECUADOR S.A.,d. 91 - 120 DIAS,5.037812903938742,
223085,2025-09,BANCO DINERS CLUB DEL ECUADOR S.A.,e. 121 - 180 DIAS,5.189601458584427,
223086,2025-09,BANCO DINERS CLUB DEL ECUADOR S.A.,f. 181 - 360 DIAS,5.590742677528899,
223087,2025-09,BANCO DINERS CLUB DEL ECUADOR S.A.,g. MAS DE 360 DIAS,5.916494766071604,
223088,2025-09,BANCO GENERAL RUMIÑAHUI S.A.,a. MENOS DE 30 DIAS,1.5443122571559464,AAA-
223089,2025-09,BANCO GENERAL RUMIÑAHUI S.A.,b. 30 - 60 DIAS,4.655214516964754,AAA-
223090,2025-09,BANCO GENERAL RUMIÑAHUI S.A.,c. 61 - 90 DIAS,4.942378032102734,AAA-
223091,2025-09,BANCO GENERAL RUMIÑAHUI S.A.,d. 91 - 120 DIAS,4.945410814518483,AAA-
223092,2025-09,BANCO GENERAL RUMIÑAHUI S.A.,e. 121 - 180 DIAS,5.355096983742946,AAA-
223093,2025-09,BANCO GENERAL RUMIÑAHUI S.A.,f. 181 - 360 DIAS,5.652076184612342,AAA-
223094,2025-09,BANCO GENERAL RUMIÑAHUI S.A.,g. MAS DE 360 DIAS,5.922419079677385,AAA-
223095,2025-09,BANCO INTERNACIONAL S.A.,a. MENOS DE 30 DIAS,1.1426898770921945,AAA
223096,2025-09,BANCO INTERNACIONAL S.A.,b. 30 - 60 DIAS,4.31342119582114,AAA
223097,2025-09,BANCO INTERNACIONAL S.A.,c. 61 - 90 DIAS,4.3159492101819685,AAA
223098,2025-09,BANCO INTERNACIONAL S.A.,d. 91 - 120 DIAS,4.729509832287923,AAA
223099,2025-09,BANCO INTERNACIONAL S.A.,e. 121 - 180 DIAS,4.885109117835085,AAA
223100,2025-09,BANCO INTERNACIONAL S.A.,f. 181 - 360 DIAS,4.845183946160736,AAA
223101,2025-09,BANCO INTERNACIONAL S.A.,g. MAS DE 360 DIAS,5.421227163550442,AAA
223102,2025-09,BANCO PICHINCHA C.A.,a. MENOS DE 30 DIAS,1.7486194574277851,AAA
223103,2025-09,BANCO PICHINCHA C.A.,b. 30 - 60 DIAS,4.219365984666526,AAA
223104,2025-09,BANCO PICHINCHA C.A.,c. 61 - 90 DIAS,4.515370377127799,AAA
223105,2025-09,BANCO PICHINCHA C.A.,d. 91 - 120 DIAS,4.535947212485929,AAA
223106,2025-09,BANCO PICHINCHA C.A.,e. 121 - 180 DIAS,5.004895181122857,AAA
223107,2025-09,BANCO PICHINCHA C.A.,f. 181 - 360 DIAS,5.2420471537264755,AAA
223108,2025-09,BANCO PICHINCHA C.A.,g. MAS DE 360 DIAS,5.573770309722249,AAA
223109,2025-09,BANCO PROCREDIT S.A.,a. MENOS DE 30 DIAS,1.0502511855846466,AAA-
223110,2025-09,BANCO PROCREDIT S.A.,b. 30 - 60 DIAS,2.7874999999999996,AAA-
223111,2025-09,BANCO PROCREDIT S.A.,c. 61 - 90 DIAS,4.226,AAA-
223112,2025-09,BANCO PROCREDIT S.A.,d. 91 - 120 DIAS,5.24967862784825,AAA-
223113,2025-09,BANCO PROCREDIT S.A.,e. 121 - 180 DIAS,3.03,AAA-
223114,2025-09,BANCO PROCREDIT S.A.,f. 181 - 360 DIAS,5.151881661119348,AAA-
223115,2025-09,BANCO PROCREDIT S.A.,g. MAS DE 360 DIAS,6.435729707287683,AAA-
223116,2025-09,BANCO SOLIDARIO S.A.,a. MENOS DE 30 DIAS,0.877770382445786,AAA-
223117,2025-09,BANCO SOLIDARIO S.A.,b. 30 - 60 DIAS,4.675039856672252,AAA-
223118,2025-09,BANCO SOLIDARIO S.A.,c. 61 - 90 DIAS,4.942961113936696,AAA-
223119,2025-09,BANCO SOLIDARIO S.A.,d. 91 - 120 DIAS,5.110762112123498,AAA-
223120,2025-09,BANCO SOLIDARIO S.A.,e. 121 - 180 DIAS,5.311994044640051,AAA-
223121,2025-09,BANCO SOLIDARIO S.A.,f. 181 - 360 DIAS,5.473958612357779,AAA-
223122,2025-09,BANCO SOLIDARIO S.A.,g. MAS DE 360 DIAS,5.841241988516121,AAA-
223123,2025-09,BANCO VISIONFUND DEL ECUADOR S.A.,a. MENOS DE 30 DIAS,3.07626906096038,
223124,2025-09,BANCO VISIONFUND DEL ECUADOR S.A.,b. 30 - 60 DIAS,4.4505964079891465,
223125,2025-09,BANCO VISIONFUND DEL ECUADOR S.A.,c. 61 - 90 DIAS,4.975331695331695,
223126,2025-09,BANCO VISIONFUND DEL ECUADOR S.A.,d. 91 - 120 DIAS,5.190226672722381,
223127,2025-09,BANCO VISIONFUND DEL ECUADOR S.A.,e. 121 - 180 DIAS,5.8281850513416,
223128,2025-09,BANCO VISIONFUND DEL ECUADOR S.A.,f. 181 - 360 DIAS,6.788606374186699,
223129,2025-09,BANCO VISIONFUND DEL ECUADOR S.A.,g. MAS DE 360 DIAS,8.113315810556921,
223130,2025-09,BANECUADOR,a. MENOS DE 30 DIAS,0.563008127833684,A-
223131,2025-09,BANECUADOR,b. 30 - 60 DIAS,3.604043806315032,A-
223132,2025-09,BANECUADOR,c. 61 - 90 DIAS,4.611073795945876,A-
223133,2025-09,BANECUADOR,d. 91 - 120 DIAS,4.960537790619707,A-
223134,2025-09,BANECUADOR,e. 121 - 180 DIAS,5.381736767138725,A-
223135,2025-09,BANECUADOR,f. 181 - 360 DIAS,5.63189605820103,A-
223136,2025-09,BANECUADOR,g. MAS DE 360 DIAS,6.02564417256008,A-
223137,2025-09,CITIBANK N.A. SUCURSAL ECUADOR,a. MENOS DE 30 DIAS,0.256063542680085,AAA
223138,2025-09,COOPERATIVA DE AHORRO Y CREDITO 1 DE JULIO,a. MENOS DE 30 DIAS,0.191901529879861,
223139,2025-09,COOPERATIVA DE AHORRO Y CREDITO 1 DE JULIO,b. 30 - 60 DIAS,5.39718145460468,
223140,2025-09,COOPERATIVA DE AHORRO Y CREDITO 1 DE JULIO,c. 61 - 90 DIAS,6.15,
223141,2025-09,COOPERATIVA DE AHORRO Y CREDITO 1 DE JULIO,d. 91 - 120 DIAS,11.0768099543495,
223142,2025-09,COOPERATIVA DE AHORRO Y CREDITO 1 DE JULIO,e. 121 - 180 DIAS,8.74,
223143,2025-09,COOPERATIVA DE AHORRO Y CREDITO 1 DE JULIO,f. 181 - 360 DIAS,9.51013390638992,
223144,2025-09,COOPERATIVA DE AHORRO Y CREDITO 1 DE JULIO,g. MAS DE 360 DIAS,11.891245993589749,
223145,2025-09,COOPERATIVA DE AHORRO Y CREDITO 13 DE ABRIL,a. MENOS DE 30 DIAS,1.79237874563088,
223146,2025-09,COOPERATIVA DE AHORRO Y CREDITO 13 DE ABRIL,d. 91 - 120 DIAS,4.58,
223147,2025-09,COOPERATIVA DE AHORRO Y CREDITO 13 DE ABRIL,e. 121 - 180 DIAS,5.855,
223148,2025-09,COOPERATIVA DE AHORRO Y CREDITO 13 DE ABRIL,f. 181 - 360 DIAS,6.569290742258685,
223149,2025-09,COOPERATIVA DE AHORRO Y CREDITO 13 DE ABRIL,g. MAS DE 360 DIAS,7.545831221561737,
223150,2025-09,COOPERATIVA DE AHORRO Y CREDITO 15 DE ABRIL LTDA,a. MENOS DE 30 DIAS,0.616381461444305,BB
223151,2025-09,COOPERATIVA DE AHORRO Y CREDITO 15 DE ABRIL LTDA,b. 30 - 60 DIAS,4.267247443525286,BB
223152,2025-09,COOPERATIVA DE AHORRO Y CREDITO 15 DE ABRIL LTDA,c. 61 - 90 DIAS,4.789414118733304,BB
223153,2025-09,COOPERATIVA DE AHORRO Y CREDITO 15 DE ABRIL LTDA,d. 91 - 120 DIAS,4.428217089049744,BB
223154,2025-09,COOPERATIVA DE AHORRO Y CREDITO 15 DE ABRIL LTDA,e. 121 - 180 DIAS,5.89801461230182,BB
223155,2025-09,COOPERATIVA DE AHORRO Y CREDITO 15 DE ABRIL LTDA,f. 181 - 360 DIAS,6.157505549244443,BB
223156,2025-09,COOPERATIVA DE AHORRO Y CREDITO 15 DE ABRIL LTDA,g. MAS DE 360 DIAS,7.548732789774827,BB
223157,2025-09,COOPERATIVA DE AHORRO Y CREDITO 15 DE AGOSTO DE PILACOTO,a. MENOS DE 30 DIAS,0.69,
223158,2025-09,COOPERATIVA DE AHORRO Y CREDITO 15 DE AGOSTO DE PILACOTO,d. 91 - 120 DIAS,6.13386518429487,
223159,2025-09,COOPERATIVA DE AHORRO Y CREDITO 15 DE AGOSTO DE PILACOTO,e. 121 - 180 DIAS,6.27570175813933,
223160,2025-09,COOPERATIVA DE AHORRO Y CREDITO 15 DE AGOSTO DE PILACOTO,f. 181 - 360 DIAS,7.36455392332736,
223161,2025-09,COOPERATIVA DE AHORRO Y CREDITO 15 DE AGOSTO DE PILACOTO,g. MAS DE 360 DIAS,9.37983628455037,
223162,2025-09,COOPERATIVA DE AHORRO Y CREDITO 15 DE AGOSTO LTDA,a. MENOS DE 30 DIAS,0.8,
223163,2025-09,COOPERATIVA DE AHORRO Y CREDITO 15 DE AGOSTO LTDA,e. 121 - 180 DIAS,6.05038461538462,
223164,2025-09,COOPERATIVA DE AHORRO Y CREDITO 15 DE AGOSTO LTDA,f. 181 - 360 DIAS,6.09,
223165,2025-09,COOPERATIVA DE AHORRO Y CREDITO 15 DE AGOSTO LTDA,g. MAS DE 360 DIAS,10.1116945882053,
223166,2025-09,COOPERATIVA DE AHORRO Y CREDITO 15 DE MAYO LTDA,a. MENOS DE 30 DIAS,1.0,
223167,2025-09,COOPERATIVA DE AHORRO Y CREDITO 15 DE MAYO LTDA,c. 61 - 90 DIAS,10.52,
223168,2025-09,COOPERATIVA DE AHORRO Y CREDITO 15 DE MAYO LTDA,d. 91 - 120 DIAS,8.080667101221843,
223169,2025-09,COOPERATIVA DE AHORRO Y CREDITO 15 DE MAYO LTDA,e. 121 - 180 DIAS,8.33,
223170,2025-09,COOPERATIVA DE AHORRO Y CREDITO 15 DE MAYO LTDA,f. 181 - 360 DIAS,9.740063299744996,
223171,2025-09,COOPERATIVA DE AHORRO Y CREDITO 15 DE MAYO LTDA,g. MAS DE 360 DIAS,10.834586971323084,
223172,2025-09,COOPERATIVA DE AHORRO Y CREDITO 16 DE JULIO LTDA,a. MENOS DE 30 DIAS,2.29167838296281,
223173,2025-09,COOPERATIVA DE AHORRO Y CREDITO 16 DE JULIO LTDA,c. 61 - 90 DIAS,5.39,
223174,2025-09,COOPERATIVA DE AHORRO Y CREDITO 16 DE JULIO LTDA,d. 91 - 120 DIAS,6.214258273975505,
223175,2025-09,COOPERATIVA DE AHORRO Y CREDITO 16 DE JULIO LTDA,e. 121 - 180 DIAS,5.92686315831834,
223176,2025-09,COOPERATIVA DE AHORRO Y CREDITO 16 DE JULIO LTDA,f. 181 - 360 DIAS,6.4567621465713945,
223177,2025-09,COOPERATIVA DE AHORRO Y CREDITO 16 DE JULIO LTDA,g. MAS DE 360 DIAS,8.255940908687275,
223178,2025-09,COOPERATIVA DE AHORRO Y CREDITO 16 DE JUNIO,a. MENOS DE 30 DIAS,2.0,
223179,2025-09,COOPERATIVA DE AHORRO Y CREDITO 16 DE JUNIO,b. 30 - 60 DIAS,5.5,
223180,2025-09,COOPERATIVA DE AHORRO Y CREDITO 16 DE JUNIO,c. 61 - 90 DIAS,6.25,
223181,2025-09,COOPERATIVA DE AHORRO Y CREDITO 16 DE JUNIO,f. 181 - 360 DIAS,7.65,
223182,2025-09,COOPERATIVA DE AHORRO Y CREDITO 16 DE JUNIO,g. MAS DE 360 DIAS,9.947916666666664,
223183,2025-09,COOPERATIVA DE AHORRO Y CREDITO 17 DE MARZO LIMITADA,a. MENOS DE 30 DIAS,3.09,
223184,2025-09,COOPERATIVA DE AHORRO Y CREDITO 17 DE MARZO LIMITADA,b. 30 - 60 DIAS,6.18,
223185,2025-09,COOPERATIVA DE AHORRO Y CREDITO 17 DE MARZO LIMITADA,c. 61 - 90 DIAS,7.25,
223186,2025-09,COOPERATIVA DE AHORRO Y CREDITO 17 DE MARZO LIMITADA,d. 91 - 120 DIAS,7.35953427593016,
223187,2025-09,COOPERATIVA DE AHORRO Y CREDITO 17 DE MARZO LIMITADA,e. 121 - 180 DIAS,7.46,
223188,2025-09,COOPERATIVA DE AHORRO Y CREDITO 17 DE MARZO LIMITADA,f. 181 - 360 DIAS,7.63770639235679,
223189,2025-09,COOPERATIVA DE AHORRO Y CREDITO 17 DE MARZO LIMITADA,g. MAS DE 360 DIAS,7.87051405759805,
223190,2025-09,COOPERATIVA DE AHORRO Y CREDITO 18 DE NOVIEMBRE,b. 30 - 60 DIAS,4.59,
223191,2025-09,COOPERATIVA DE AHORRO Y CREDITO 18 DE NOVIEMBRE,c. 61 - 90 DIAS,8.60547444037346,
223192,2025-09,COOPERATIVA DE AHORRO Y CREDITO 18 DE NOVIEMBRE,d. 91 - 120 DIAS,6.38,
223193,2025-09,COOPERATIVA DE AHORRO Y CREDITO 18 DE NOVIEMBRE,e. 121 - 180 DIAS,5.86635488383988,
223194,2025-09,COOPERATIVA DE AHORRO Y CREDITO 18 DE NOVIEMBRE,f. 181 - 360 DIAS,8.16,
223195,2025-09,COOPERATIVA DE AHORRO Y CREDITO 18 DE NOVIEMBRE,g. MAS DE 360 DIAS,10.0,
223196,2025-09,COOPERATIVA DE AHORRO Y CREDITO 23 DE JULIO LIMITADA,a. MENOS DE 30 DIAS,0.707227922841707,AA-
223197,2025-09,COOPERATIVA DE AHORRO Y CREDITO 23 DE JULIO LIMITADA,b. 30 - 60 DIAS,4.893185859567273,AA-
223198,2025-09,COOPERATIVA DE AHORRO Y CREDITO 23 DE JULIO LIMITADA,c. 61 - 90 DIAS,5.217574573581031,AA-
223199,2025-09,COOPERATIVA DE AHORRO Y CREDITO 23 DE JULIO LIMITADA,d. 91 - 120 DIAS,5.77948811753136,AA-
223200,2025-09,COOPERATIVA DE AHORRO Y CREDITO 23 DE JULIO LIMITADA,e. 121 - 180 DIAS,5.6437401441496835,AA-
223201,2025-09,COOPERATIVA DE AHORRO Y CREDITO 23 DE JULIO LIMITADA,f. 181 - 360 DIAS,6.81826798052773,AA-
223202,2025-09,COOPERATIVA DE AHORRO Y CREDITO 23 DE JULIO LIMITADA,g. MAS DE 360 DIAS,8.336517249446372,AA-
223203,2025-09,COOPERATIVA DE AHORRO Y CREDITO 26 DE JULIO LTDA,a. MENOS DE 30 DIAS,0.7,
223204,2025-09,COOPERATIVA DE AHORRO Y CREDITO 26 DE JULIO LTDA,b. 30 - 60 DIAS,5.64,
223205,2025-09,COOPERATIVA DE AHORRO Y CREDITO 26 DE JULIO LTDA,d. 91 - 120 DIAS,6.34387892322635,
223206,2025-09,COOPERATIVA DE AHORRO Y CREDITO 26 DE JULIO LTDA,f. 181 - 360 DIAS,6.09,
223207,2025-09,COOPERATIVA DE AHORRO Y CREDITO 26 DE JULIO LTDA,g. MAS DE 360 DIAS,6.5,
223208,2025-09,COOPERATIVA DE AHORRO Y CREDITO 27 DE NOVIEMBRE,a. MENOS DE 30 DIAS,0.419967745045725,
223209,2025-09,COOPERATIVA DE AHORRO Y CREDITO 27 DE NOVIEMBRE,b. 30 - 60 DIAS,7.19136902747292,
223210,2025-09,COOPERATIVA DE AHORRO Y CREDITO 27 DE NOVIEMBRE,c. 61 - 90 DIAS,7.476907382160525,
223211,2025-09,COOPERATIVA DE AHORRO Y CREDITO 27 DE NOVIEMBRE,d. 91 - 120 DIAS,8.64262836937906,
223212,2025-09,COOPERATIVA DE AHORRO Y CREDITO 27 DE NOVIEMBRE,e. 121 - 180 DIAS,8.16007178949466,
223213,2025-09,COOPERATIVA DE AHORRO Y CREDITO 27 DE NOVIEMBRE,f. 181 - 360 DIAS,8.492527768719002,
223214,2025-09,COOPERATIVA DE AHORRO Y CREDITO 27 DE NOVIEMBRE,g. MAS DE 360 DIAS,9.763576325002694,
223215,2025-09,COOPERATIVA DE AHORRO Y CREDITO 29 DE OCTUBRE LTDA,a. MENOS DE 30 DIAS,0.285383023730952,AA
223216,2025-09,COOPERATIVA DE AHORRO Y CREDITO 29 DE OCTUBRE LTDA,b. 30 - 60 DIAS,4.525750147447737,AA
223217,2025-09,COOPERATIVA DE AHORRO Y CREDITO 29 DE OCTUBRE LTDA,c. 61 - 90 DIAS,4.812629620851078,AA
223218,2025-09,COOPERATIVA DE AHORRO Y CREDITO 29 DE OCTUBRE LTDA,d. 91 - 120 DIAS,5.28845651461478,AA
223219,2025-09,COOPERATIVA DE AHORRO Y CREDITO 29 DE OCTUBRE LTDA,e. 121 - 180 DIAS,5.754639944526548,AA
223220,2025-09,COOPERATIVA DE AHORRO Y CREDITO 29 DE OCTUBRE LTDA,f. 181 - 360 DIAS,6.5828289799504205,AA
223221,2025-09,COOPERATIVA DE AHORRO Y CREDITO 29 DE OCTUBRE LTDA,g. MAS DE 360 DIAS,7.523863762287185,AA
223222,2025-09,COOPERATIVA DE AHORRO Y CREDITO 4 DE OCTUBRE,a. MENOS DE 30 DIAS,1.0,
223223,2025-09,COOPERATIVA DE AHORRO Y CREDITO 4 DE OCTUBRE,b. 30 - 60 DIAS,4.716491403965945,
223224,2025-09,COOPERATIVA DE AHORRO Y CREDITO 4 DE OCTUBRE,c. 61 - 90 DIAS,5.30882598057387,
223225,2025-09,COOPERATIVA DE AHORRO Y CREDITO 4 DE OCTUBRE,d. 91 - 120 DIAS,6.152402352856104,
223226,2025-09,COOPERATIVA DE AHORRO Y CREDITO 4 DE OCTUBRE,e. 121 - 180 DIAS,6.2932779289097205,
223227,2025-09,COOPERATIVA DE AHORRO Y CREDITO 4 DE OCTUBRE,f. 181 - 360 DIAS,7.519138411587731,
223228,2025-09,COOPERATIVA DE AHORRO Y CREDITO 4 DE OCTUBRE,g. MAS DE 360 DIAS,9.272316590346602,
223229,2025-09,COOPERATIVA DE AHORRO Y CREDITO 4 RIOS,a. MENOS DE 30 DIAS,3.02557880620966,
223230,2025-09,COOPERATIVA DE AHORRO Y CREDITO 4 RIOS,b. 30 - 60 DIAS,4.65,
223231,2025-09,COOPERATIVA DE AHORRO Y CREDITO 4 RIOS,f. 181 - 360 DIAS,6.86662572172492,
223232,2025-09,COOPERATIVA DE AHORRO Y CREDITO 4 RIOS,g. MAS DE 360 DIAS,8.13899665768562,
223233,2025-09,COOPERATIVA DE AHORRO Y CREDITO 9 DE OCTUBRE LTDA,a. MENOS DE 30 DIAS,3.11320927665664,A
223234,2025-09,COOPERATIVA DE AHORRO Y CREDITO 9 DE OCTUBRE LTDA,b. 30 - 60 DIAS,5.087712766764038,A
223235,2025-09,COOPERATIVA DE AHORRO Y CREDITO 9 DE OCTUBRE LTDA,c. 61 - 90 DIAS,5.327142628336184,A
223236,2025-09,COOPERATIVA DE AHORRO Y CREDITO 9 DE OCTUBRE LTDA,d. 91 - 120 DIAS,5.827992787018865,A
223237,2025-09,COOPERATIVA DE AHORRO Y CREDITO 9 DE OCTUBRE LTDA,e. 121 - 180 DIAS,6.400948309905821,A
223238,2025-09,COOPERATIVA DE AHORRO Y CREDITO 9 DE OCTUBRE LTDA,f. 181 - 360 DIAS,6.607095068125871,A
223239,2025-09,COOPERATIVA DE AHORRO Y CREDITO 9 DE OCTUBRE LTDA,g. MAS DE 360 DIAS,7.842419503442492,A
223240,2025-09,COOPERATIVA DE AHORRO Y CREDITO ABDON CALDERON LTDA,a. MENOS DE 30 DIAS,1.25,
223241,2025-09,COOPERATIVA DE AHORRO Y CREDITO ABDON CALDERON LTDA,b. 30 - 60 DIAS,4.03952130703166,
223242,2025-09,COOPERATIVA DE AHORRO Y CREDITO ABDON CALDERON LTDA,c. 61 - 90 DIAS,4.59872015279969,
223243,2025-09,COOPERATIVA DE AHORRO Y CREDITO ABDON CALDERON LTDA,d. 91 - 120 DIAS,5.61249786666378,
223244,2025-09,COOPERATIVA DE AHORRO Y CREDITO ABDON CALDERON LTDA,f. 181 - 360 DIAS,5.54173222172362,
223245,2025-09,COOPERATIVA DE AHORRO Y CREDITO ABDON CALDERON LTDA,g. MAS DE 360 DIAS,7.37864141279803,
223246,2025-09,COOPERATIVA DE AHORRO Y CREDITO ACCION IMBABURAPAK LTDA,a. MENOS DE 30 DIAS,1.10666944591614,
223247,2025-09,COOPERATIVA DE AHORRO Y CREDITO ACCION IMBABURAPAK LTDA,b. 30 - 60 DIAS,5.624575871777249,
223248,2025-09,COOPERATIVA DE AHORRO Y CREDITO ACCION IMBABURAPAK LTDA,c. 61 - 90 DIAS,7.472914765767962,
223249,2025-09,COOPERATIVA DE AHORRO Y CREDITO ACCION IMBABURAPAK LTDA,d. 91 - 120 DIAS,8.204106796787228,
223250,2025-09,COOPERATIVA DE AHORRO Y CREDITO ACCION IMBABURAPAK LTDA,e. 121 - 180 DIAS,8.71209662951995,
223251,2025-09,COOPERATIVA DE AHORRO Y CREDITO ACCION IMBABURAPAK LTDA,f. 181 - 360 DIAS,10.335562181865154,
223252,2025-09,COOPERATIVA DE AHORRO Y CREDITO ACCION IMBABURAPAK LTDA,g. MAS DE 360 DIAS,10.809849823779894,
223253,2025-09,COOPERATIVA DE AHORRO Y CREDITO ACCION TUNGURAHUA LTDA,a. MENOS DE 30 DIAS,1.0,
223254,2025-09,COOPERATIVA DE AHORRO Y CREDITO ACCION TUNGURAHUA LTDA,b. 30 - 60 DIAS,5.0,
223255,2025-09,COOPERATIVA DE AHORRO Y CREDITO ACCION TUNGURAHUA LTDA,c. 61 - 90 DIAS,5.0,
223256,2025-09,COOPERATIVA DE AHORRO Y CREDITO ACCION TUNGURAHUA LTDA,d. 91 - 120 DIAS,5.79902640862584,
223257,2025-09,COOPERATIVA DE AHORRO Y CREDITO ACCION TUNGURAHUA LTDA,e. 121 - 180 DIAS,5.985319814990557,
223258,2025-09,COOPERATIVA DE AHORRO Y CREDITO ACCION TUNGURAHUA LTDA,f. 181 - 360 DIAS,9.063043077698808,
223259,2025-09,COOPERATIVA DE AHORRO Y CREDITO ACCION TUNGURAHUA LTDA,g. MAS DE 360 DIAS,9.556446607619481,
223260,2025-09,COOPERATIVA DE AHORRO Y CREDITO ACHIK INTI LTDA,a. MENOS DE 30 DIAS,2.0,
223261,2025-09,COOPERATIVA DE AHORRO Y CREDITO ACHIK INTI LTDA,b. 30 - 60 DIAS,4.39,
223262,2025-09,COOPERATIVA DE AHORRO Y CREDITO ACHIK INTI LTDA,d. 91 - 120 DIAS,5.99220658610668,
223263,2025-09,COOPERATIVA DE AHORRO Y CREDITO ACHIK INTI LTDA,f. 181 - 360 DIAS,7.64648901483467,
223264,2025-09,COOPERATIVA DE AHORRO Y CREDITO ACHIK INTI LTDA,g. MAS DE 360 DIAS,10.1738381870838,
223265,2025-09,COOPERATIVA DE AHORRO Y CREDITO AGRICOLA JUNIN,a. MENOS DE 30 DIAS,0.5,
223266,2025-09,COOPERATIVA DE AHORRO Y CREDITO AGRICOLA JUNIN,b. 30 - 60 DIAS,4.59,
223267,2025-09,COOPERATIVA DE AHORRO Y CREDITO AGRICOLA JUNIN,d. 91 - 120 DIAS,5.13156563899022,
223268,2025-09,COOPERATIVA DE AHORRO Y CREDITO AGRICOLA JUNIN,f. 181 - 360 DIAS,6.66087327376117,
223269,2025-09,COOPERATIVA DE AHORRO Y CREDITO AGRICOLA JUNIN,g. MAS DE 360 DIAS,2.2528947943396265,
223270,2025-09,COOPERATIVA DE AHORRO Y CREDITO ALFONSO JARAMILLO LEON CAJA,a. MENOS DE 30 DIAS,2.0,BBB-
223271,2025-09,COOPERATIVA DE AHORRO Y CREDITO ALFONSO JARAMILLO LEON CAJA,b. 30 - 60 DIAS,5.14117464711161,BBB-
223272,2025-09,COOPERATIVA DE AHORRO Y CREDITO ALFONSO JARAMILLO LEON CAJA,c. 61 - 90 DIAS,5.533507063053617,BBB-
223273,2025-09,COOPERATIVA DE AHORRO Y CREDITO ALFONSO JARAMILLO LEON CAJA,d. 91 - 120 DIAS,6.360252930367314,BBB-
223274,2025-09,COOPERATIVA DE AHORRO Y CREDITO ALFONSO JARAMILLO LEON CAJA,e. 121 - 180 DIAS,6.484147580921082,BBB-
223275,2025-09,COOPERATIVA DE AHORRO Y CREDITO ALFONSO JARAMILLO LEON CAJA,f. 181 - 360 DIAS,6.958008912095556,BBB-
223276,2025-09,COOPERATIVA DE AHORRO Y CREDITO ALFONSO JARAMILLO LEON CAJA,g. MAS DE 360 DIAS,7.241295559884442,BBB-
223277,2025-09,COOPERATIVA DE AHORRO Y CREDITO ALIANZA DEL VALLE LIMITADA,a. MENOS DE 30 DIAS,1.0660811299444,AA+
223278,2025-09,COOPERATIVA DE AHORRO Y CREDITO ALIANZA DEL VALLE LIMITADA,b. 30 - 60 DIAS,4.841053339313923,AA+
223279,2025-09,COOPERATIVA DE AHORRO Y CREDITO ALIANZA DEL VALLE LIMITADA,c. 61 - 90 DIAS,5.217894464173437,AA+
223280,2025-09,COOPERATIVA DE AHORRO Y CREDITO ALIANZA DEL VALLE LIMITADA,d. 91 - 120 DIAS,5.69777652302442,AA+
223281,2025-09,COOPERATIVA DE AHORRO Y CREDITO ALIANZA DEL VALLE LIMITADA,e. 121 - 180 DIAS,6.276022429696983,AA+
223282,2025-09,COOPERATIVA DE AHORRO Y CREDITO ALIANZA DEL VALLE LIMITADA,f. 181 - 360 DIAS,6.80751758898916,AA+
223283,2025-09,COOPERATIVA DE AHORRO Y CREDITO ALIANZA DEL VALLE LIMITADA,g. MAS DE 360 DIAS,8.039005831714974,AA+
223284,2025-09,COOPERATIVA DE AHORRO Y CREDITO ALIANZA MINAS LTDA,a. MENOS DE 30 DIAS,1.00341387443645,
223285,2025-09,COOPERATIVA DE AHORRO Y CREDITO ALIANZA MINAS LTDA,b. 30 - 60 DIAS,5.19618042891412,
223286,2025-09,COOPERATIVA DE AHORRO Y CREDITO ALIANZA MINAS LTDA,c. 61 - 90 DIAS,5.79118806342241,
223287,2025-09,COOPERATIVA DE AHORRO Y CREDITO ALIANZA MINAS LTDA,d. 91 - 120 DIAS,6.10430344572064,
223288,2025-09,COOPERATIVA DE AHORRO Y CREDITO ALIANZA MINAS LTDA,e. 121 - 180 DIAS,6.23540086537882,
223289,2025-09,COOPERATIVA DE AHORRO Y CREDITO ALIANZA MINAS LTDA,f. 181 - 360 DIAS,7.58138511213784,
223290,2025-09,COOPERATIVA DE AHORRO Y CREDITO ALIANZA MINAS LTDA,g. MAS DE 360 DIAS,9.64513189456791,
223291,2025-09,COOPERATIVA DE AHORRO Y CREDITO ALLI TARPUK LTDA,a. MENOS DE 30 DIAS,1.0,
223292,2025-09,COOPERATIVA DE AHORRO Y CREDITO ALLI TARPUK LTDA,d. 91 - 120 DIAS,6.0,
223293,2025-09,COOPERATIVA DE AHORRO Y CREDITO ALLI TARPUK LTDA,e. 121 - 180 DIAS,6.0,
223294,2025-09,COOPERATIVA DE AHORRO Y CREDITO ALLI TARPUK LTDA,f. 181 - 360 DIAS,7.110673892554195,
223295,2025-09,COOPERATIVA DE AHORRO Y CREDITO ALLI TARPUK LTDA,g. MAS DE 360 DIAS,7.747617081144615,
223296,2025-09,COOPERATIVA DE AHORRO Y CREDITO AMBATO LTDA,a. MENOS DE 30 DIAS,1.59404404442938,A
223297,2025-09,COOPERATIVA DE AHORRO Y CREDITO AMBATO LTDA,c. 61 - 90 DIAS,6.071403866535262,A
223298,2025-09,COOPERATIVA DE AHORRO Y CREDITO AMBATO LTDA,d. 91 - 120 DIAS,7.015834371723017,A
223299,2025-09,COOPERATIVA DE AHORRO Y CREDITO AMBATO LTDA,e. 121 - 180 DIAS,7.285901577395595,A
223300,2025-09,COOPERATIVA DE AHORRO Y CREDITO AMBATO LTDA,f. 181 - 360 DIAS,7.746530819082976,A
223301,2025-09,COOPERATIVA DE AHORRO Y CREDITO AMBATO LTDA,g. MAS DE 360 DIAS,8.5099889368739,A
223302,2025-09,COOPERATIVA DE AHORRO Y CREDITO ANDALUCIA LIMITADA,a. MENOS DE 30 DIAS,0.687004683371762,AA+
223303,2025-09,COOPERATIVA DE AHORRO Y CREDITO ANDALUCIA LIMITADA,b. 30 - 60 DIAS,4.727403090224574,AA+
223304,2025-09,COOPERATIVA DE AHORRO Y CREDITO ANDALUCIA LIMITADA,c. 61 - 90 DIAS,5.446743134246199,AA+
223305,2025-09,COOPERATIVA DE AHORRO Y CREDITO ANDALUCIA LIMITADA,d. 91 - 120 DIAS,5.694460950841669,AA+
223306,2025-09,COOPERATIVA DE AHORRO Y CREDITO ANDALUCIA LIMITADA,e. 121 - 180 DIAS,5.778482804290812,AA+
223307,2025-09,COOPERATIVA DE AHORRO Y CREDITO ANDALUCIA LIMITADA,f. 181 - 360 DIAS,6.384425033731265,AA+
223308,2025-09,COOPERATIVA DE AHORRO Y CREDITO ANDALUCIA LIMITADA,g. MAS DE 360 DIAS,7.562331875214019,AA+
223309,2025-09,COOPERATIVA DE AHORRO Y CREDITO ANDINA LTDA,a. MENOS DE 30 DIAS,1.0,
223310,2025-09,COOPERATIVA DE AHORRO Y CREDITO ANDINA LTDA,b. 30 - 60 DIAS,2.436666666666667,
223311,2025-09,COOPERATIVA DE AHORRO Y CREDITO ANDINA LTDA,c. 61 - 90 DIAS,4.086888934659838,
223312,2025-09,COOPERATIVA DE AHORRO Y CREDITO ANDINA LTDA,d. 91 - 120 DIAS,4.586864240618015,
223313,2025-09,COOPERATIVA DE AHORRO Y CREDITO ANDINA LTDA,e. 121 - 180 DIAS,7.424978301421145,
223314,2025-09,COOPERATIVA DE AHORRO Y CREDITO ANDINA LTDA,f. 181 - 360 DIAS,7.73165588460351,
223315,2025-09,COOPERATIVA DE AHORRO Y CREDITO ANDINA LTDA,g. MAS DE 360 DIAS,9.151278280362677,
223316,2025-09,COOPERATIVA DE AHORRO Y CREDITO ANTORCHA LTDA,a. MENOS DE 30 DIAS,1.51796585107323,
223317,2025-09,COOPERATIVA DE AHORRO Y CREDITO ANTORCHA LTDA,b. 30 - 60 DIAS,5.1059929441642,
223318,2025-09,COOPERATIVA DE AHORRO Y CREDITO ANTORCHA LTDA,c. 61 - 90 DIAS,5.10048710155093,
223319,2025-09,COOPERATIVA DE AHORRO Y CREDITO ANTORCHA LTDA,d. 91 - 120 DIAS,6.14713761893298,
223320,2025-09,COOPERATIVA DE AHORRO Y CREDITO ANTORCHA LTDA,e. 121 - 180 DIAS,6.25777158774373,
223321,2025-09,COOPERATIVA DE AHORRO Y CREDITO ANTORCHA LTDA,f. 181 - 360 DIAS,6.96205583548371,
223322,2025-09,COOPERATIVA DE AHORRO Y CREDITO ANTORCHA LTDA,g. MAS DE 360 DIAS,8.52963797928643,
223323,2025-09,COOPERATIVA DE AHORRO Y CREDITO ARTESANOS LTDA,a. MENOS DE 30 DIAS,4.0,
223324,2025-09,COOPERATIVA DE AHORRO Y CREDITO ARTESANOS LTDA,b. 30 - 60 DIAS,3.6745257298036313,
223325,2025-09,COOPERATIVA DE AHORRO Y CREDITO ARTESANOS LTDA,c. 61 - 90 DIAS,4.3838639896004805,
223326,2025-09,COOPERATIVA DE AHORRO Y CREDITO ARTESANOS LTDA,d. 91 - 120 DIAS,5.055890108710741,
223327,2025-09,COOPERATIVA DE AHORRO Y CREDITO ARTESANOS LTDA,e. 121 - 180 DIAS,6.126666666666666,
223328,2025-09,COOPERATIVA DE AHORRO Y CREDITO ARTESANOS LTDA,f. 181 - 360 DIAS,7.35665542938398,
223329,2025-09,COOPERATIVA DE AHORRO Y CREDITO ARTESANOS LTDA,g. MAS DE 360 DIAS,8.379009303383008,
223330,2025-09,COOPERATIVA DE AHORRO Y CREDITO ATAHUALPA LTDA,a. MENOS DE 30 DIAS,1.11,
223331,2025-09,COOPERATIVA DE AHORRO Y CREDITO ATUNTAQUI LIMITADA,a. MENOS DE 30 DIAS,4.15082113782052,AA+
223332,2025-09,COOPERATIVA DE AHORRO Y CREDITO ATUNTAQUI LIMITADA,b. 30 - 60 DIAS,4.739415419494357,AA+
223333,2025-09,COOPERATIVA DE AHORRO Y CREDITO ATUNTAQUI LIMITADA,c. 61 - 90 DIAS,4.953681330553176,AA+
223334,2025-09,COOPERATIVA DE AHORRO Y CREDITO ATUNTAQUI LIMITADA,d. 91 - 120 DIAS,5.477117669170469,AA+
223335,2025-09,COOPERATIVA DE AHORRO Y CREDITO ATUNTAQUI LIMITADA,e. 121 - 180 DIAS,5.51330340783357,AA+
223336,2025-09,COOPERATIVA DE AHORRO Y CREDITO ATUNTAQUI LIMITADA,f. 181 - 360 DIAS,6.479504713058294,AA+
223337,2025-09,COOPERATIVA DE AHORRO Y CREDITO ATUNTAQUI LIMITADA,g. MAS DE 360 DIAS,8.291362811472938,AA+
223338,2025-09,COOPERATIVA DE AHORRO Y CREDITO BASE DE TAURA,a. MENOS DE 30 DIAS,1.5,
223339,2025-09,COOPERATIVA DE AHORRO Y CREDITO BASE DE TAURA,c. 61 - 90 DIAS,6.17,
223340,2025-09,COOPERATIVA DE AHORRO Y CREDITO BASE DE TAURA,d. 91 - 120 DIAS,5.61,
223341,2025-09,COOPERATIVA DE AHORRO Y CREDITO BASE DE TAURA,f. 181 - 360 DIAS,6.61,
223342,2025-09,COOPERATIVA DE AHORRO Y CREDITO BASE DE TAURA,g. MAS DE 360 DIAS,8.4975,
223343,2025-09,"COOPERATIVA DE AHORRO Y CREDITO BIENESTAR, DESARROLLO Y EMPRENDIMIENTO COOPBDE",a. MENOS DE 30 DIAS,6.43463535483409,
223344,2025-09,"COOPERATIVA DE AHORRO Y CREDITO BIENESTAR, DESARROLLO Y EMPRENDIMIENTO COOPBDE",g. MAS DE 360 DIAS,8.00208999949879,
223345,2025-09,COOPERATIVA DE AHORRO Y CREDITO BOLA AMARILLA LTDA,a. MENOS DE 30 DIAS,4.39484421660713,
223346,2025-09,COOPERATIVA DE AHORRO Y CREDITO BOLA AMARILLA LTDA,d. 91 - 120 DIAS,6.75,
223347,2025-09,COOPERATIVA DE AHORRO Y CREDITO BOLA AMARILLA LTDA,e. 121 - 180 DIAS,10.0,
223348,2025-09,COOPERATIVA DE AHORRO Y CREDITO BOLA AMARILLA LTDA,f. 181 - 360 DIAS,6.625,
223349,2025-09,COOPERATIVA DE AHORRO Y CREDITO BOLA AMARILLA LTDA,g. MAS DE 360 DIAS,9.0765306122449,
223350,2025-09,COOPERATIVA DE AHORRO Y CREDITO CACMA LTDA,a. MENOS DE 30 DIAS,2.5,
223351,2025-09,COOPERATIVA DE AHORRO Y CREDITO CACMA LTDA,b. 30 - 60 DIAS,6.0,
223352,2025-09,COOPERATIVA DE AHORRO Y CREDITO CACMA LTDA,c. 61 - 90 DIAS,6.5,
223353,2025-09,COOPERATIVA DE AHORRO Y CREDITO CACMA LTDA,g. MAS DE 360 DIAS,8.296875,
223354,2025-09,COOPERATIVA DE AHORRO Y CREDITO CACPE CELICA,a. MENOS DE 30 DIAS,0.25,
223355,2025-09,COOPERATIVA DE AHORRO Y CREDITO CACPE CELICA,b. 30 - 60 DIAS,6.70998179737633,
223356,2025-09,COOPERATIVA DE AHORRO Y CREDITO CACPE CELICA,c. 61 - 90 DIAS,5.37971024252867,
223357,2025-09,COOPERATIVA DE AHORRO Y CREDITO CACPE CELICA,d. 91 - 120 DIAS,7.32179057862208,
223358,2025-09,COOPERATIVA DE AHORRO Y CREDITO CACPE CELICA,f. 181 - 360 DIAS,8.06777169274973,
223359,2025-09,COOPERATIVA DE AHORRO Y CREDITO CACPE CELICA,g. MAS DE 360 DIAS,7.352593713225725,
223360,2025-09,COOPERATIVA DE AHORRO Y CREDITO CALCETA LTDA,a. MENOS DE 30 DIAS,0.52571623167186,BBB+
223361,2025-09,COOPERATIVA DE AHORRO Y CREDITO CALCETA LTDA,b. 30 - 60 DIAS,4.593333333333334,BBB+
223362,2025-09,COOPERATIVA DE AHORRO Y CREDITO CALCETA LTDA,c. 61 - 90 DIAS,4.491666666666665,BBB+
223363,2025-09,COOPERATIVA DE AHORRO Y CREDITO CALCETA LTDA,d. 91 - 120 DIAS,5.314703134742105,BBB+
223364,2025-09,COOPERATIVA DE AHORRO Y CREDITO CALCETA LTDA,e. 121 - 180 DIAS,5.938418972332014,BBB+
223365,2025-09,COOPERATIVA DE AHORRO Y CREDITO CALCETA LTDA,f. 181 - 360 DIAS,6.843185115290134,BBB+
223366,2025-09,COOPERATIVA DE AHORRO Y CREDITO CALCETA LTDA,g. MAS DE 360 DIAS,8.49244231890153,BBB+
223367,2025-09,COOPERATIVA DE AHORRO Y CREDITO CAMARA DE COMERCIO DE RIOBAMBA LTDA,a. MENOS DE 30 DIAS,1.14,
223368,2025-09,COOPERATIVA DE AHORRO Y CREDITO CAMARA DE COMERCIO DE RIOBAMBA LTDA,b. 30 - 60 DIAS,7.60016253477022,
223369,2025-09,COOPERATIVA DE AHORRO Y CREDITO CAMARA DE COMERCIO DE RIOBAMBA LTDA,c. 61 - 90 DIAS,7.72186972723776,
223370,2025-09,COOPERATIVA DE AHORRO Y CREDITO CAMARA DE COMERCIO DE RIOBAMBA LTDA,f. 181 - 360 DIAS,10.77,
223371,2025-09,COOPERATIVA DE AHORRO Y CREDITO CAMARA DE COMERCIO DE RIOBAMBA LTDA,g. MAS DE 360 DIAS,11.0,
223372,2025-09,COOPERATIVA DE AHORRO Y CREDITO CAMARA DE COMERCIO DE SANTO DOMINGO,a. MENOS DE 30 DIAS,0.01,
223373,2025-09,COOPERATIVA DE AHORRO Y CREDITO CAMARA DE COMERCIO DE SANTO DOMINGO,d. 91 - 120 DIAS,7.18,
223374,2025-09,COOPERATIVA DE AHORRO Y CREDITO CAMARA DE COMERCIO DE SANTO DOMINGO,f. 181 - 360 DIAS,8.17275212929803,
223375,2025-09,COOPERATIVA DE AHORRO Y CREDITO CAMARA DE COMERCIO DE SANTO DOMINGO,g. MAS DE 360 DIAS,10.0,
223376,2025-09,COOPERATIVA DE AHORRO Y CREDITO CAMARA DE COMERCIO DEL CANTON BOLIVAR LTDA,e. 121 - 180 DIAS,4.55,
223377,2025-09,COOPERATIVA DE AHORRO Y CREDITO CAMARA DE COMERCIO DEL CANTON BOLIVAR LTDA,g. MAS DE 360 DIAS,9.054610468856575,
223378,2025-09,COOPERATIVA DE AHORRO Y CREDITO CAMARA DE COMERCIO EL CARMEN LTDA,a. MENOS DE 30 DIAS,1.5,
223379,2025-09,COOPERATIVA DE AHORRO Y CREDITO CAMARA DE COMERCIO EL CARMEN LTDA,b. 30 - 60 DIAS,6.76766233766234,
223380,2025-09,COOPERATIVA DE AHORRO Y CREDITO CAMARA DE COMERCIO EL CARMEN LTDA,c. 61 - 90 DIAS,5.88,
223381,2025-09,COOPERATIVA DE AHORRO Y CREDITO CAMARA DE COMERCIO EL CARMEN LTDA,d. 91 - 120 DIAS,7.28405405405405,
223382,2025-09,COOPERATIVA DE AHORRO Y CREDITO CAMARA DE COMERCIO EL CARMEN LTDA,f. 181 - 360 DIAS,9.476044797054715,
223383,2025-09,COOPERATIVA DE AHORRO Y CREDITO CAMARA DE COMERCIO EL CARMEN LTDA,g. MAS DE 360 DIAS,9.9632188360655,
223384,2025-09,COOPERATIVA DE AHORRO Y CREDITO CAMARA DE COMERCIO INDIGENA DE GUAMOTE LTDA,a. MENOS DE 30 DIAS,3.0,
223385,2025-09,COOPERATIVA DE AHORRO Y CREDITO CAMARA DE COMERCIO INDIGENA DE GUAMOTE LTDA,c. 61 - 90 DIAS,8.79,
223386,2025-09,COOPERATIVA DE AHORRO Y CREDITO CAMARA DE COMERCIO INDIGENA DE GUAMOTE LTDA,f. 181 - 360 DIAS,6.25,
223387,2025-09,COOPERATIVA DE AHORRO Y CREDITO CAMARA DE COMERCIO INDIGENA DE GUAMOTE LTDA,g. MAS DE 360 DIAS,10.9379843827226,
223388,2025-09,COOPERATIVA DE AHORRO Y CREDITO CAMARA DE COMERCIO JOYA DE LOS SACHAS LTDA,a. MENOS DE 30 DIAS,1.25,
223389,2025-09,COOPERATIVA DE AHORRO Y CREDITO CAMARA DE COMERCIO JOYA DE LOS SACHAS LTDA,b. 30 - 60 DIAS,9.42193348269557,
223390,2025-09,COOPERATIVA DE AHORRO Y CREDITO CAMARA DE COMERCIO JOYA DE LOS SACHAS LTDA,c. 61 - 90 DIAS,9.18971200333934,
223391,2025-09,COOPERATIVA DE AHORRO Y CREDITO CAMARA DE COMERCIO JOYA DE LOS SACHAS LTDA,d. 91 - 120 DIAS,9.46018589125625,
223392,2025-09,COOPERATIVA DE AHORRO Y CREDITO CAMARA DE COMERCIO JOYA DE LOS SACHAS LTDA,e. 121 - 180 DIAS,9.08854885970406,
223393,2025-09,COOPERATIVA DE AHORRO Y CREDITO CAMARA DE COMERCIO JOYA DE LOS SACHAS LTDA,f. 181 - 360 DIAS,9.74750701311247,
223394,2025-09,COOPERATIVA DE AHORRO Y CREDITO CAMARA DE COMERCIO JOYA DE LOS SACHAS LTDA,g. MAS DE 360 DIAS,11.3857444015817,
223395,2025-09,COOPERATIVA DE AHORRO Y CREDITO CAMPESINA COOPAC,a. MENOS DE 30 DIAS,1.95645242840476,
223396,2025-09,COOPERATIVA DE AHORRO Y CREDITO CAMPESINA COOPAC,b. 30 - 60 DIAS,10.4530881678325,
223397,2025-09,COOPERATIVA DE AHORRO Y CREDITO CAMPESINA COOPAC,c. 61 - 90 DIAS,12.110836935167,
223398,2025-09,COOPERATIVA DE AHORRO Y CREDITO CAMPESINA COOPAC,d. 91 - 120 DIAS,11.13809835964754,
223399,2025-09,COOPERATIVA DE AHORRO Y CREDITO CAMPESINA COOPAC,e. 121 - 180 DIAS,10.143533756308267,
223400,2025-09,COOPERATIVA DE AHORRO Y CREDITO CAMPESINA COOPAC,f. 181 - 360 DIAS,11.290490240829799,
223401,2025-09,COOPERATIVA DE AHORRO Y CREDITO CAMPESINA COOPAC,g. MAS DE 360 DIAS,11.5980632067026,
223402,2025-09,COOPERATIVA DE AHORRO Y CREDITO CASAG,a. MENOS DE 30 DIAS,0.48855356853144,
223403,2025-09,COOPERATIVA DE AHORRO Y CREDITO CASAG,f. 181 - 360 DIAS,7.64,
223404,2025-09,COOPERATIVA DE AHORRO Y CREDITO CASAG,g. MAS DE 360 DIAS,10.0419558473516,
223405,2025-09,COOPERATIVA DE AHORRO Y CREDITO CATAMAYO,a. MENOS DE 30 DIAS,1.5,
223406,2025-09,COOPERATIVA DE AHORRO Y CREDITO CATAMAYO,b. 30 - 60 DIAS,7.43671876968906,
223407,2025-09,COOPERATIVA DE AHORRO Y CREDITO CATAMAYO,c. 61 - 90 DIAS,6.50255549503538,
223408,2025-09,COOPERATIVA DE AHORRO Y CREDITO CATAMAYO,d. 91 - 120 DIAS,7.03278511511838,
223409,2025-09,COOPERATIVA DE AHORRO Y CREDITO CATAMAYO,e. 121 - 180 DIAS,7.51390766740693,
223410,2025-09,COOPERATIVA DE AHORRO Y CREDITO CATAMAYO,f. 181 - 360 DIAS,7.75529505346994,
223411,2025-09,COOPERATIVA DE AHORRO Y CREDITO CATAMAYO,g. MAS DE 360 DIAS,9.85941780153051,
223412,2025-09,COOPERATIVA DE AHORRO Y CREDITO CAÑAR LTDA,a. MENOS DE 30 DIAS,1.8,
223413,2025-09,COOPERATIVA DE AHORRO Y CREDITO CAÑAR LTDA,b. 30 - 60 DIAS,6.72,
223414,2025-09,COOPERATIVA DE AHORRO Y CREDITO CAÑAR LTDA,c. 61 - 90 DIAS,5.92,
223415,2025-09,COOPERATIVA DE AHORRO Y CREDITO CAÑAR LTDA,d. 91 - 120 DIAS,6.850707551177353,
223416,2025-09,COOPERATIVA DE AHORRO Y CREDITO CAÑAR LTDA,e. 121 - 180 DIAS,7.52,
223417,2025-09,COOPERATIVA DE AHORRO Y CREDITO CAÑAR LTDA,f. 181 - 360 DIAS,7.880854198948863,
223418,2025-09,COOPERATIVA DE AHORRO Y CREDITO CAÑAR LTDA,g. MAS DE 360 DIAS,8.761080676335574,
223419,2025-09,COOPERATIVA DE AHORRO Y CREDITO CHIBULEO LIMITADA,a. MENOS DE 30 DIAS,1.45194458724207,BBB+
223420,2025-09,COOPERATIVA DE AHORRO Y CREDITO CHIBULEO LIMITADA,b. 30 - 60 DIAS,4.597142573220695,BBB+
223421,2025-09,COOPERATIVA DE AHORRO Y CREDITO CHIBULEO LIMITADA,c. 61 - 90 DIAS,5.243216439946303,BBB+
223422,2025-09,COOPERATIVA DE AHORRO Y CREDITO CHIBULEO LIMITADA,d. 91 - 120 DIAS,6.062106146457513,BBB+
223423,2025-09,COOPERATIVA DE AHORRO Y CREDITO CHIBULEO LIMITADA,e. 121 - 180 DIAS,6.644873582657929,BBB+
223424,2025-09,COOPERATIVA DE AHORRO Y CREDITO CHIBULEO LIMITADA,f. 181 - 360 DIAS,7.522741651243804,BBB+
223425,2025-09,COOPERATIVA DE AHORRO Y CREDITO CHIBULEO LIMITADA,g. MAS DE 360 DIAS,8.561570223945031,BBB+
223426,2025-09,COOPERATIVA DE AHORRO Y CREDITO CHONE LTDA,a. MENOS DE 30 DIAS,0.5,BBB+
223427,2025-09,COOPERATIVA DE AHORRO Y CREDITO CHONE LTDA,b. 30 - 60 DIAS,5.015197451482171,BBB+
223428,2025-09,COOPERATIVA DE AHORRO Y CREDITO CHONE LTDA,c. 61 - 90 DIAS,4.4282592564357355,BBB+
223429,2025-09,COOPERATIVA DE AHORRO Y CREDITO CHONE LTDA,d. 91 - 120 DIAS,5.741366775778226,BBB+
223430,2025-09,COOPERATIVA DE AHORRO Y CREDITO CHONE LTDA,e. 121 - 180 DIAS,6.043093730344504,BBB+
223431,2025-09,COOPERATIVA DE AHORRO Y CREDITO CHONE LTDA,f. 181 - 360 DIAS,7.245277863905568,BBB+
223432,2025-09,COOPERATIVA DE AHORRO Y CREDITO CHONE LTDA,g. MAS DE 360 DIAS,8.708025384230885,BBB+
223433,2025-09,COOPERATIVA DE AHORRO Y CREDITO CHUNCHI LTDA,a. MENOS DE 30 DIAS,2.5,
223434,2025-09,COOPERATIVA DE AHORRO Y CREDITO CHUNCHI LTDA,b. 30 - 60 DIAS,5.89,
223435,2025-09,COOPERATIVA DE AHORRO Y CREDITO CHUNCHI LTDA,c. 61 - 90 DIAS,6.03786941580756,
223436,2025-09,COOPERATIVA DE AHORRO Y CREDITO CHUNCHI LTDA,d. 91 - 120 DIAS,6.93290047393365,
223437,2025-09,COOPERATIVA DE AHORRO Y CREDITO CHUNCHI LTDA,e. 121 - 180 DIAS,6.70238805970149,
223438,2025-09,COOPERATIVA DE AHORRO Y CREDITO CHUNCHI LTDA,f. 181 - 360 DIAS,7.696483284707019,
223439,2025-09,COOPERATIVA DE AHORRO Y CREDITO CHUNCHI LTDA,g. MAS DE 360 DIAS,8.68565842133581,
223440,2025-09,COOPERATIVA DE AHORRO Y CREDITO CICA COLEGIO DE INGENIEROS CIVILES DEL AZUAY,a. MENOS DE 30 DIAS,0.5,
223441,2025-09,COOPERATIVA DE AHORRO Y CREDITO CICA COLEGIO DE INGENIEROS CIVILES DEL AZUAY,b. 30 - 60 DIAS,5.32,
223442,2025-09,COOPERATIVA DE AHORRO Y CREDITO CICA COLEGIO DE INGENIEROS CIVILES DEL AZUAY,d. 91 - 120 DIAS,5.91,
223443,2025-09,COOPERATIVA DE AHORRO Y CREDITO CICA COLEGIO DE INGENIEROS CIVILES DEL AZUAY,f. 181 - 360 DIAS,6.78648648648649,
223444,2025-09,COOPERATIVA DE AHORRO Y CREDITO CICA COLEGIO DE INGENIEROS CIVILES DEL AZUAY,g. MAS DE 360 DIAS,10.0,
223445,2025-09,COOPERATIVA DE AHORRO Y CREDITO CIUDAD DE QUITO,a. MENOS DE 30 DIAS,3.12,
223446,2025-09,COOPERATIVA DE AHORRO Y CREDITO CIUDAD DE ZAMORA,a. MENOS DE 30 DIAS,1.0,
223447,2025-09,COOPERATIVA DE AHORRO Y CREDITO CIUDAD DE ZAMORA,b. 30 - 60 DIAS,5.1184862673687,
223448,2025-09,COOPERATIVA DE AHORRO Y CREDITO CIUDAD DE ZAMORA,c. 61 - 90 DIAS,5.36,
223449,2025-09,COOPERATIVA DE AHORRO Y CREDITO CIUDAD DE ZAMORA,d. 91 - 120 DIAS,5.61,
223450,2025-09,COOPERATIVA DE AHORRO Y CREDITO CIUDAD DE ZAMORA,e. 121 - 180 DIAS,6.9,
223451,2025-09,COOPERATIVA DE AHORRO Y CREDITO CIUDAD DE ZAMORA,f. 181 - 360 DIAS,8.41838154891081,
223452,2025-09,COOPERATIVA DE AHORRO Y CREDITO CIUDAD DE ZAMORA,g. MAS DE 360 DIAS,6.742215884235247,
223453,2025-09,COOPERATIVA DE AHORRO Y CREDITO COCA LTDA,a. MENOS DE 30 DIAS,1.70707782757573,
223454,2025-09,COOPERATIVA DE AHORRO Y CREDITO COCA LTDA,b. 30 - 60 DIAS,6.064643216678167,
223455,2025-09,COOPERATIVA DE AHORRO Y CREDITO COCA LTDA,c. 61 - 90 DIAS,7.41069277340357,
223456,2025-09,COOPERATIVA DE AHORRO Y CREDITO COCA LTDA,d. 91 - 120 DIAS,7.6927777237737365,
223457,2025-09,COOPERATIVA DE AHORRO Y CREDITO COCA LTDA,e. 121 - 180 DIAS,3.96,
223458,2025-09,COOPERATIVA DE AHORRO Y CREDITO COCA LTDA,f. 181 - 360 DIAS,8.81442729544766,
223459,2025-09,COOPERATIVA DE AHORRO Y CREDITO COCA LTDA,g. MAS DE 360 DIAS,6.431100313137374,
223460,2025-09,COOPERATIVA DE AHORRO Y CREDITO COMERCIO LTDA,a. MENOS DE 30 DIAS,1.45087557487329,BBB+
223461,2025-09,COOPERATIVA DE AHORRO Y CREDITO COMERCIO LTDA,b. 30 - 60 DIAS,4.986551736183986,BBB+
223462,2025-09,COOPERATIVA DE AHORRO Y CREDITO COMERCIO LTDA,c. 61 - 90 DIAS,4.418697285328755,BBB+
223463,2025-09,COOPERATIVA DE AHORRO Y CREDITO COMERCIO LTDA,d. 91 - 120 DIAS,5.367363345269258,BBB+
223464,2025-09,COOPERATIVA DE AHORRO Y CREDITO COMERCIO LTDA,e. 121 - 180 DIAS,4.861171978339573,BBB+
223465,2025-09,COOPERATIVA DE AHORRO Y CREDITO COMERCIO LTDA,f. 181 - 360 DIAS,6.90926072473109,BBB+
223466,2025-09,COOPERATIVA DE AHORRO Y CREDITO COMERCIO LTDA,g. MAS DE 360 DIAS,8.099048240072344,BBB+
223467,2025-09,COOPERATIVA DE AHORRO Y CREDITO CONECEL,a. MENOS DE 30 DIAS,1.51025360914633,
223468,2025-09,COOPERATIVA DE AHORRO Y CREDITO COOPAC AUSTRO LTDA,a. MENOS DE 30 DIAS,1.99496079712704,
223469,2025-09,COOPERATIVA DE AHORRO Y CREDITO COOPAC AUSTRO LTDA,b. 30 - 60 DIAS,5.117121664256592,
223470,2025-09,COOPERATIVA DE AHORRO Y CREDITO COOPAC AUSTRO LTDA,c. 61 - 90 DIAS,5.358914963041881,
223471,2025-09,COOPERATIVA DE AHORRO Y CREDITO COOPAC AUSTRO LTDA,d. 91 - 120 DIAS,5.972245921998081,
223472,2025-09,COOPERATIVA DE AHORRO Y CREDITO COOPAC AUSTRO LTDA,e. 121 - 180 DIAS,6.306704799367251,
223473,2025-09,COOPERATIVA DE AHORRO Y CREDITO COOPAC AUSTRO LTDA,f. 181 - 360 DIAS,6.906349909484478,
223474,2025-09,COOPERATIVA DE AHORRO Y CREDITO COOPAC AUSTRO LTDA,g. MAS DE 360 DIAS,7.806942669264471,
223475,2025-09,COOPERATIVA DE AHORRO Y CREDITO COOPARTAMOS LTDA,a. MENOS DE 30 DIAS,0.260361444300254,
223476,2025-09,COOPERATIVA DE AHORRO Y CREDITO COOPARTAMOS LTDA,b. 30 - 60 DIAS,5.72,
223477,2025-09,COOPERATIVA DE AHORRO Y CREDITO COOPARTAMOS LTDA,c. 61 - 90 DIAS,5.51470588235294,
223478,2025-09,COOPERATIVA DE AHORRO Y CREDITO COOPARTAMOS LTDA,d. 91 - 120 DIAS,7.295493525899655,
223479,2025-09,COOPERATIVA DE AHORRO Y CREDITO COOPARTAMOS LTDA,e. 121 - 180 DIAS,7.16,
223480,2025-09,COOPERATIVA DE AHORRO Y CREDITO COOPARTAMOS LTDA,f. 181 - 360 DIAS,6.776049409966371,
223481,2025-09,COOPERATIVA DE AHORRO Y CREDITO COOPARTAMOS LTDA,g. MAS DE 360 DIAS,9.601064891963835,
223482,2025-09,COOPERATIVA DE AHORRO Y CREDITO COOPCREDITO LTDA,a. MENOS DE 30 DIAS,0.990843691742399,
223483,2025-09,COOPERATIVA DE AHORRO Y CREDITO COOPCREDITO LTDA,b. 30 - 60 DIAS,5.41,
223484,2025-09,COOPERATIVA DE AHORRO Y CREDITO COOPCREDITO LTDA,c. 61 - 90 DIAS,5.48160383839406,
223485,2025-09,COOPERATIVA DE AHORRO Y CREDITO COOPCREDITO LTDA,d. 91 - 120 DIAS,6.65760319507402,
223486,2025-09,COOPERATIVA DE AHORRO Y CREDITO COOPCREDITO LTDA,f. 181 - 360 DIAS,8.33,
223487,2025-09,COOPERATIVA DE AHORRO Y CREDITO COOPROGRESO LIMITADA,a. MENOS DE 30 DIAS,0.851901905439457,A
223488,2025-09,COOPERATIVA DE AHORRO Y CREDITO COOPROGRESO LIMITADA,b. 30 - 60 DIAS,4.995023485032144,A
223489,2025-09,COOPERATIVA DE AHORRO Y CREDITO COOPROGRESO LIMITADA,c. 61 - 90 DIAS,5.10368528467317,A
223490,2025-09,COOPERATIVA DE AHORRO Y CREDITO COOPROGRESO LIMITADA,d. 91 - 120 DIAS,6.149140768152482,A
223491,2025-09,COOPERATIVA DE AHORRO Y CREDITO COOPROGRESO LIMITADA,e. 121 - 180 DIAS,6.207910207060248,A
223492,2025-09,COOPERATIVA DE AHORRO Y CREDITO COOPROGRESO LIMITADA,f. 181 - 360 DIAS,6.961300979842549,A
223493,2025-09,COOPERATIVA DE AHORRO Y CREDITO COOPROGRESO LIMITADA,g. MAS DE 360 DIAS,7.984023783394631,A
223494,2025-09,COOPERATIVA DE AHORRO Y CREDITO COORAMBATO LTDA,a. MENOS DE 30 DIAS,3.0,
223495,2025-09,COOPERATIVA DE AHORRO Y CREDITO COORAMBATO LTDA,b. 30 - 60 DIAS,7.25,
223496,2025-09,COOPERATIVA DE AHORRO Y CREDITO COORAMBATO LTDA,c. 61 - 90 DIAS,7.24,
223497,2025-09,COOPERATIVA DE AHORRO Y CREDITO COORAMBATO LTDA,d. 91 - 120 DIAS,7.971897928400631,
223498,2025-09,COOPERATIVA DE AHORRO Y CREDITO COORAMBATO LTDA,e. 121 - 180 DIAS,7.687576620539673,
223499,2025-09,COOPERATIVA DE AHORRO Y CREDITO COORAMBATO LTDA,f. 181 - 360 DIAS,9.63389146523349,
223500,2025-09,COOPERATIVA DE AHORRO Y CREDITO COORAMBATO LTDA,g. MAS DE 360 DIAS,11.38097941242454,
223501,2025-09,COOPERATIVA DE AHORRO Y CREDITO COORCOTOPAXI LTDA,a. MENOS DE 30 DIAS,1.61530858515596,
223502,2025-09,COOPERATIVA DE AHORRO Y CREDITO COORCOTOPAXI LTDA,c. 61 - 90 DIAS,7.19,
223503,2025-09,COOPERATIVA DE AHORRO Y CREDITO COORCOTOPAXI LTDA,d. 91 - 120 DIAS,8.602259340097126,
223504,2025-09,COOPERATIVA DE AHORRO Y CREDITO COORCOTOPAXI LTDA,e. 121 - 180 DIAS,7.9,
223505,2025-09,COOPERATIVA DE AHORRO Y CREDITO COORCOTOPAXI LTDA,f. 181 - 360 DIAS,9.811909488554543,
223506,2025-09,COOPERATIVA DE AHORRO Y CREDITO COORCOTOPAXI LTDA,g. MAS DE 360 DIAS,10.850200155838426,
223507,2025-09,COOPERATIVA DE AHORRO Y CREDITO CORPORACION CENTRO LTDA,a. MENOS DE 30 DIAS,2.00789321156078,
223508,2025-09,COOPERATIVA DE AHORRO Y CREDITO CORPORACION CENTRO LTDA,b. 30 - 60 DIAS,4.0000730551490475,
223509,2025-09,COOPERATIVA DE AHORRO Y CREDITO CORPORACION CENTRO LTDA,c. 61 - 90 DIAS,4.794848882427013,
223510,2025-09,COOPERATIVA DE AHORRO Y CREDITO CORPORACION CENTRO LTDA,d. 91 - 120 DIAS,5.310118538185429,
223511,2025-09,COOPERATIVA DE AHORRO Y CREDITO CORPORACION CENTRO LTDA,e. 121 - 180 DIAS,6.654980380156032,
223512,2025-09,COOPERATIVA DE AHORRO Y CREDITO CORPORACION CENTRO LTDA,f. 181 - 360 DIAS,6.668800767849624,
223513,2025-09,COOPERATIVA DE AHORRO Y CREDITO CORPORACION CENTRO LTDA,g. MAS DE 360 DIAS,7.987809672725167,
223514,2025-09,COOPERATIVA DE AHORRO Y CREDITO CORPOTRANST,a. MENOS DE 30 DIAS,1.25,
223515,2025-09,COOPERATIVA DE AHORRO Y CREDITO CORPOTRANST,b. 30 - 60 DIAS,7.633209007028224,
223516,2025-09,COOPERATIVA DE AHORRO Y CREDITO CORPOTRANST,d. 91 - 120 DIAS,10.4558271099734,
223517,2025-09,COOPERATIVA DE AHORRO Y CREDITO CORPOTRANST,f. 181 - 360 DIAS,9.77170068027211,
223518,2025-09,COOPERATIVA DE AHORRO Y CREDITO CORPOTRANST,g. MAS DE 360 DIAS,8.00166666666667,
223519,2025-09,COOPERATIVA DE AHORRO Y CREDITO CORPUCOOP LTDA,a. MENOS DE 30 DIAS,2.0,
223520,2025-09,COOPERATIVA DE AHORRO Y CREDITO CORPUCOOP LTDA,b. 30 - 60 DIAS,8.99629960494473,
223521,2025-09,COOPERATIVA DE AHORRO Y CREDITO CORPUCOOP LTDA,c. 61 - 90 DIAS,8.02376346088393,
223522,2025-09,COOPERATIVA DE AHORRO Y CREDITO CORPUCOOP LTDA,d. 91 - 120 DIAS,8.92370668139549,
223523,2025-09,COOPERATIVA DE AHORRO Y CREDITO CORPUCOOP LTDA,e. 121 - 180 DIAS,10.0,
223524,2025-09,COOPERATIVA DE AHORRO Y CREDITO CORPUCOOP LTDA,f. 181 - 360 DIAS,9.96876874664223,
223525,2025-09,COOPERATIVA DE AHORRO Y CREDITO CORPUCOOP LTDA,g. MAS DE 360 DIAS,10.8357338005583,
223526,2025-09,COOPERATIVA DE AHORRO Y CREDITO COSTA AZUL LTDA,a. MENOS DE 30 DIAS,0.5,
223527,2025-09,COOPERATIVA DE AHORRO Y CREDITO COTOCOLLAO LTDA,a. MENOS DE 30 DIAS,0.452123747301529,BB+
223528,2025-09,COOPERATIVA DE AHORRO Y CREDITO COTOCOLLAO LTDA,b. 30 - 60 DIAS,4.223817265581005,BB+
223529,2025-09,COOPERATIVA DE AHORRO Y CREDITO COTOCOLLAO LTDA,c. 61 - 90 DIAS,4.615429208979227,BB+
223530,2025-09,COOPERATIVA DE AHORRO Y CREDITO COTOCOLLAO LTDA,d. 91 - 120 DIAS,5.88309979666551,BB+
223531,2025-09,COOPERATIVA DE AHORRO Y CREDITO COTOCOLLAO LTDA,e. 121 - 180 DIAS,6.28986323052167,BB+
223532,2025-09,COOPERATIVA DE AHORRO Y CREDITO COTOCOLLAO LTDA,f. 181 - 360 DIAS,7.142454498740483,BB+
223533,2025-09,COOPERATIVA DE AHORRO Y CREDITO COTOCOLLAO LTDA,g. MAS DE 360 DIAS,4.4251923467862095,BB+
223534,2025-09,COOPERATIVA DE AHORRO Y CREDITO CRECER WIÑARI LTDA,a. MENOS DE 30 DIAS,0.984352875229124,
223535,2025-09,COOPERATIVA DE AHORRO Y CREDITO CRECER WIÑARI LTDA,b. 30 - 60 DIAS,7.406937100699672,
223536,2025-09,COOPERATIVA DE AHORRO Y CREDITO CRECER WIÑARI LTDA,c. 61 - 90 DIAS,7.860782238100164,
223537,2025-09,COOPERATIVA DE AHORRO Y CREDITO CRECER WIÑARI LTDA,d. 91 - 120 DIAS,8.584768859658249,
223538,2025-09,COOPERATIVA DE AHORRO Y CREDITO CRECER WIÑARI LTDA,e. 121 - 180 DIAS,8.22018441952955,
223539,2025-09,COOPERATIVA DE AHORRO Y CREDITO CRECER WIÑARI LTDA,f. 181 - 360 DIAS,9.238413485431508,
223540,2025-09,COOPERATIVA DE AHORRO Y CREDITO CRECER WIÑARI LTDA,g. MAS DE 360 DIAS,11.071552684396725,
223541,2025-09,COOPERATIVA DE AHORRO Y CREDITO CREDI FACIL LTDA,a. MENOS DE 30 DIAS,1.28775128358681,
223542,2025-09,COOPERATIVA DE AHORRO Y CREDITO CREDI FACIL LTDA,b. 30 - 60 DIAS,4.925,
223543,2025-09,COOPERATIVA DE AHORRO Y CREDITO CREDI FACIL LTDA,c. 61 - 90 DIAS,7.546527292954015,
223544,2025-09,COOPERATIVA DE AHORRO Y CREDITO CREDI FACIL LTDA,d. 91 - 120 DIAS,8.776854690708417,
223545,2025-09,COOPERATIVA DE AHORRO Y CREDITO CREDI FACIL LTDA,e. 121 - 180 DIAS,7.201758544968079,
223546,2025-09,COOPERATIVA DE AHORRO Y CREDITO CREDI FACIL LTDA,f. 181 - 360 DIAS,10.768083312646306,
223547,2025-09,COOPERATIVA DE AHORRO Y CREDITO CREDI FACIL LTDA,g. MAS DE 360 DIAS,11.302953215172067,
223548,2025-09,COOPERATIVA DE AHORRO Y CREDITO CREDI YA LTDA,a. MENOS DE 30 DIAS,1.0,
223549,2025-09,COOPERATIVA DE AHORRO Y CREDITO CREDI YA LTDA,b. 30 - 60 DIAS,4.625,
223550,2025-09,COOPERATIVA DE AHORRO Y CREDITO CREDI YA LTDA,c. 61 - 90 DIAS,6.0,
223551,2025-09,COOPERATIVA DE AHORRO Y CREDITO CREDI YA LTDA,d. 91 - 120 DIAS,7.75,
223552,2025-09,COOPERATIVA DE AHORRO Y CREDITO CREDI YA LTDA,e. 121 - 180 DIAS,7.594049835760603,
223553,2025-09,COOPERATIVA DE AHORRO Y CREDITO CREDI YA LTDA,f. 181 - 360 DIAS,8.755066082216413,
223554,2025-09,COOPERATIVA DE AHORRO Y CREDITO CREDI YA LTDA,g. MAS DE 360 DIAS,9.754070945226777,
223555,2025-09,COOPERATIVA DE AHORRO Y CREDITO CREDIAMBATO LTDA,a. MENOS DE 30 DIAS,2.5,
223556,2025-09,COOPERATIVA DE AHORRO Y CREDITO CREDIAMBATO LTDA,e. 121 - 180 DIAS,4.5,
223557,2025-09,COOPERATIVA DE AHORRO Y CREDITO CREDIAMBATO LTDA,f. 181 - 360 DIAS,6.68192729065442,
223558,2025-09,COOPERATIVA DE AHORRO Y CREDITO CREDIAMBATO LTDA,g. MAS DE 360 DIAS,7.238755313422705,
223559,2025-09,COOPERATIVA DE AHORRO Y CREDITO CREDIAMIGO LTDA,a. MENOS DE 30 DIAS,1.0,
223560,2025-09,COOPERATIVA DE AHORRO Y CREDITO CREDIAMIGO LTDA,b. 30 - 60 DIAS,6.21773890924634,
223561,2025-09,COOPERATIVA DE AHORRO Y CREDITO CREDIAMIGO LTDA,c. 61 - 90 DIAS,6.61408710947703,
223562,2025-09,COOPERATIVA DE AHORRO Y CREDITO CREDIAMIGO LTDA,d. 91 - 120 DIAS,7.005655062103937,
223563,2025-09,COOPERATIVA DE AHORRO Y CREDITO CREDIAMIGO LTDA,e. 121 - 180 DIAS,7.966274650459096,
223564,2025-09,COOPERATIVA DE AHORRO Y CREDITO CREDIAMIGO LTDA,f. 181 - 360 DIAS,8.511378658118218,
223565,2025-09,COOPERATIVA DE AHORRO Y CREDITO CREDIAMIGO LTDA,g. MAS DE 360 DIAS,9.52322476096272,
223566,2025-09,COOPERATIVA DE AHORRO Y CREDITO CREDIL LTDA,a. MENOS DE 30 DIAS,1.0,
223567,2025-09,COOPERATIVA DE AHORRO Y CREDITO CREDIL LTDA,b. 30 - 60 DIAS,5.0,
223568,2025-09,COOPERATIVA DE AHORRO Y CREDITO CREDIL LTDA,c. 61 - 90 DIAS,6.0,
223569,2025-09,COOPERATIVA DE AHORRO Y CREDITO CREDIL LTDA,d. 91 - 120 DIAS,7.0,
223570,2025-09,COOPERATIVA DE AHORRO Y CREDITO CREDIL LTDA,e. 121 - 180 DIAS,7.974888251898075,
223571,2025-09,COOPERATIVA DE AHORRO Y CREDITO CREDIL LTDA,f. 181 - 360 DIAS,8.932663528629758,
223572,2025-09,COOPERATIVA DE AHORRO Y CREDITO CREDIL LTDA,g. MAS DE 360 DIAS,9.850683642063961,
223573,2025-09,COOPERATIVA DE AHORRO Y CREDITO CREDIMAS,a. MENOS DE 30 DIAS,0.650043807498033,
223574,2025-09,COOPERATIVA DE AHORRO Y CREDITO CREDIMAS,b. 30 - 60 DIAS,5.10487970487365,
223575,2025-09,COOPERATIVA DE AHORRO Y CREDITO CREDIMAS,c. 61 - 90 DIAS,5.83556990585193,
223576,2025-09,COOPERATIVA DE AHORRO Y CREDITO CREDIMAS,d. 91 - 120 DIAS,6.72518257052168,
223577,2025-09,COOPERATIVA DE AHORRO Y CREDITO CREDIMAS,e. 121 - 180 DIAS,8.21285598143403,
223578,2025-09,COOPERATIVA DE AHORRO Y CREDITO CREDIMAS,f. 181 - 360 DIAS,8.71680308447059,
223579,2025-09,COOPERATIVA DE AHORRO Y CREDITO CREDIMAS,g. MAS DE 360 DIAS,9.27829036189083,
223580,2025-09,COOPERATIVA DE AHORRO Y CREDITO CRISTO REY,a. MENOS DE 30 DIAS,0.540762680460619,
223581,2025-09,COOPERATIVA DE AHORRO Y CREDITO CRISTO REY,b. 30 - 60 DIAS,6.59324212061865,
223582,2025-09,COOPERATIVA DE AHORRO Y CREDITO CRISTO REY,c. 61 - 90 DIAS,6.50331917226257,
223583,2025-09,COOPERATIVA DE AHORRO Y CREDITO CRISTO REY,d. 91 - 120 DIAS,7.92707903058034,
223584,2025-09,COOPERATIVA DE AHORRO Y CREDITO CRISTO REY,e. 121 - 180 DIAS,8.62509803921569,
223585,2025-09,COOPERATIVA DE AHORRO Y CREDITO CRISTO REY,f. 181 - 360 DIAS,8.15375952553854,
223586,2025-09,COOPERATIVA DE AHORRO Y CREDITO CRISTO REY,g. MAS DE 360 DIAS,9.84546673491399,
223587,2025-09,COOPERATIVA DE AHORRO Y CREDITO DE ACCION POPULAR,a. MENOS DE 30 DIAS,0.5,
223588,2025-09,COOPERATIVA DE AHORRO Y CREDITO DE ACCION POPULAR,d. 91 - 120 DIAS,8.37436565200502,
223589,2025-09,COOPERATIVA DE AHORRO Y CREDITO DE INDIGENAS CHUCHUQUI LTDA,a. MENOS DE 30 DIAS,4.61754734213643,
223590,2025-09,COOPERATIVA DE AHORRO Y CREDITO DE INDIGENAS CHUCHUQUI LTDA,b. 30 - 60 DIAS,5.7305093313797,
223591,2025-09,COOPERATIVA DE AHORRO Y CREDITO DE INDIGENAS CHUCHUQUI LTDA,c. 61 - 90 DIAS,6.464601055220981,
223592,2025-09,COOPERATIVA DE AHORRO Y CREDITO DE INDIGENAS CHUCHUQUI LTDA,d. 91 - 120 DIAS,8.04760836662733,
223593,2025-09,COOPERATIVA DE AHORRO Y CREDITO DE INDIGENAS CHUCHUQUI LTDA,e. 121 - 180 DIAS,7.78408252177918,
223594,2025-09,COOPERATIVA DE AHORRO Y CREDITO DE INDIGENAS CHUCHUQUI LTDA,f. 181 - 360 DIAS,9.124149789478615,
223595,2025-09,COOPERATIVA DE AHORRO Y CREDITO DE INDIGENAS CHUCHUQUI LTDA,g. MAS DE 360 DIAS,10.31563060598205,
223596,2025-09,COOPERATIVA DE AHORRO Y CREDITO DE LA CAMARA DE COMERCIO DE GONZANAMA,a. MENOS DE 30 DIAS,1.99,
223597,2025-09,COOPERATIVA DE AHORRO Y CREDITO DE LA CAMARA DE COMERCIO DE GONZANAMA,c. 61 - 90 DIAS,5.61,
223598,2025-09,COOPERATIVA DE AHORRO Y CREDITO DE LA CAMARA DE COMERCIO DE GONZANAMA,f. 181 - 360 DIAS,7.27242731538176,
223599,2025-09,COOPERATIVA DE AHORRO Y CREDITO DE LA CAMARA DE COMERCIO DE GONZANAMA,g. MAS DE 360 DIAS,8.719374071345051,
223600,2025-09,COOPERATIVA DE AHORRO Y CREDITO DE LA CAMARA DE COMERCIO DE MACARA CADECOM,a. MENOS DE 30 DIAS,1.0,
223601,2025-09,COOPERATIVA DE AHORRO Y CREDITO DE LA CAMARA DE COMERCIO DE MACARA CADECOM,b. 30 - 60 DIAS,5.8,
223602,2025-09,COOPERATIVA DE AHORRO Y CREDITO DE LA CAMARA DE COMERCIO DE MACARA CADECOM,c. 61 - 90 DIAS,5.63,
223603,2025-09,COOPERATIVA DE AHORRO Y CREDITO DE LA CAMARA DE COMERCIO DE MACARA CADECOM,d. 91 - 120 DIAS,6.18466253896823,
223604,2025-09,COOPERATIVA DE AHORRO Y CREDITO DE LA CAMARA DE COMERCIO DE MACARA CADECOM,e. 121 - 180 DIAS,5.76,
223605,2025-09,COOPERATIVA DE AHORRO Y CREDITO DE LA CAMARA DE COMERCIO DE MACARA CADECOM,f. 181 - 360 DIAS,6.81,
223606,2025-09,COOPERATIVA DE AHORRO Y CREDITO DE LA CAMARA DE COMERCIO DE MACARA CADECOM,g. MAS DE 360 DIAS,6.9951456392233,
223607,2025-09,COOPERATIVA DE AHORRO Y CREDITO DE LA EMPRESA MUNICIPAL DE AGUA POTABLE DE QUITO,a. MENOS DE 30 DIAS,0.15,
223608,2025-09,COOPERATIVA DE AHORRO Y CREDITO DE LA MICROEMPRESA DE CHIMBORAZO LTDA,a. MENOS DE 30 DIAS,2.0,
223609,2025-09,COOPERATIVA DE AHORRO Y CREDITO DE LA MICROEMPRESA DE CHIMBORAZO LTDA,c. 61 - 90 DIAS,8.87,
223610,2025-09,COOPERATIVA DE AHORRO Y CREDITO DE LA MICROEMPRESA DE CHIMBORAZO LTDA,d. 91 - 120 DIAS,8.51,
223611,2025-09,COOPERATIVA DE AHORRO Y CREDITO DE LA MICROEMPRESA DE CHIMBORAZO LTDA,f. 181 - 360 DIAS,10.52,
223612,2025-09,COOPERATIVA DE AHORRO Y CREDITO DE LA MICROEMPRESA DE CHIMBORAZO LTDA,g. MAS DE 360 DIAS,10.52,
223613,2025-09,COOPERATIVA DE AHORRO Y CREDITO DE LA MICROEMPRESA FORTUNA,a. MENOS DE 30 DIAS,2.07512728849203,
223614,2025-09,COOPERATIVA DE AHORRO Y CREDITO DE LA MICROEMPRESA FORTUNA,b. 30 - 60 DIAS,4.917088572570537,
223615,2025-09,COOPERATIVA DE AHORRO Y CREDITO DE LA MICROEMPRESA FORTUNA,c. 61 - 90 DIAS,6.39,
223616,2025-09,COOPERATIVA DE AHORRO Y CREDITO DE LA MICROEMPRESA FORTUNA,d. 91 - 120 DIAS,6.39987618820062,
223617,2025-09,COOPERATIVA DE AHORRO Y CREDITO DE LA MICROEMPRESA FORTUNA,e. 121 - 180 DIAS,7.199379166873539,
223618,2025-09,COOPERATIVA DE AHORRO Y CREDITO DE LA MICROEMPRESA FORTUNA,f. 181 - 360 DIAS,7.242536294777136,
223619,2025-09,COOPERATIVA DE AHORRO Y CREDITO DE LA MICROEMPRESA FORTUNA,g. MAS DE 360 DIAS,7.63026706347803,
223620,2025-09,COOPERATIVA DE AHORRO Y CREDITO DE LA PEQUEÑA EMPRESA BIBLIAN LIMITADA,a. MENOS DE 30 DIAS,3.28,A+
223621,2025-09,COOPERATIVA DE AHORRO Y CREDITO DE LA PEQUEÑA EMPRESA BIBLIAN LIMITADA,b. 30 - 60 DIAS,3.178695731987531,A+
223622,2025-09,COOPERATIVA DE AHORRO Y CREDITO DE LA PEQUEÑA EMPRESA BIBLIAN LIMITADA,c. 61 - 90 DIAS,3.9699070466797775,A+
223623,2025-09,COOPERATIVA DE AHORRO Y CREDITO DE LA PEQUEÑA EMPRESA BIBLIAN LIMITADA,d. 91 - 120 DIAS,4.041812838133138,A+
223624,2025-09,COOPERATIVA DE AHORRO Y CREDITO DE LA PEQUEÑA EMPRESA BIBLIAN LIMITADA,e. 121 - 180 DIAS,4.402527368014893,A+
223625,2025-09,COOPERATIVA DE AHORRO Y CREDITO DE LA PEQUEÑA EMPRESA BIBLIAN LIMITADA,f. 181 - 360 DIAS,4.548816973410019,A+
223626,2025-09,COOPERATIVA DE AHORRO Y CREDITO DE LA PEQUEÑA EMPRESA BIBLIAN LIMITADA,g. MAS DE 360 DIAS,6.72267629348814,A+
223627,2025-09,COOPERATIVA DE AHORRO Y CREDITO DE LA PEQUEÑA EMPRESA CACPE LOJA LTDA,a. MENOS DE 30 DIAS,1.13719195260831,A-
223628,2025-09,COOPERATIVA DE AHORRO Y CREDITO DE LA PEQUEÑA EMPRESA CACPE LOJA LTDA,b. 30 - 60 DIAS,5.315770551520788,A-
223629,2025-09,COOPERATIVA DE AHORRO Y CREDITO DE LA PEQUEÑA EMPRESA CACPE LOJA LTDA,c. 61 - 90 DIAS,5.643971978957673,A-
223630,2025-09,COOPERATIVA DE AHORRO Y CREDITO DE LA PEQUEÑA EMPRESA CACPE LOJA LTDA,d. 91 - 120 DIAS,5.788058048767857,A-
223631,2025-09,COOPERATIVA DE AHORRO Y CREDITO DE LA PEQUEÑA EMPRESA CACPE LOJA LTDA,e. 121 - 180 DIAS,6.3320282297577,A-
223632,2025-09,COOPERATIVA DE AHORRO Y CREDITO DE LA PEQUEÑA EMPRESA CACPE LOJA LTDA,f. 181 - 360 DIAS,6.610664964040711,A-
223633,2025-09,COOPERATIVA DE AHORRO Y CREDITO DE LA PEQUEÑA EMPRESA CACPE LOJA LTDA,g. MAS DE 360 DIAS,7.6919189651216175,A-
223634,2025-09,COOPERATIVA DE AHORRO Y CREDITO DE LA PEQUEÑA EMPRESA CACPE YANTZAZA LTDA,a. MENOS DE 30 DIAS,1.32,
223635,2025-09,COOPERATIVA DE AHORRO Y CREDITO DE LA PEQUEÑA EMPRESA CACPE YANTZAZA LTDA,b. 30 - 60 DIAS,6.332437718958756,
223636,2025-09,COOPERATIVA DE AHORRO Y CREDITO DE LA PEQUEÑA EMPRESA CACPE YANTZAZA LTDA,c. 61 - 90 DIAS,6.22321070020303,
223637,2025-09,COOPERATIVA DE AHORRO Y CREDITO DE LA PEQUEÑA EMPRESA CACPE YANTZAZA LTDA,d. 91 - 120 DIAS,6.79004151309884,
223638,2025-09,COOPERATIVA DE AHORRO Y CREDITO DE LA PEQUEÑA EMPRESA CACPE YANTZAZA LTDA,e. 121 - 180 DIAS,7.71779218050059,
223639,2025-09,COOPERATIVA DE AHORRO Y CREDITO DE LA PEQUEÑA EMPRESA CACPE YANTZAZA LTDA,f. 181 - 360 DIAS,8.563769030925247,
223640,2025-09,COOPERATIVA DE AHORRO Y CREDITO DE LA PEQUEÑA EMPRESA CACPE YANTZAZA LTDA,g. MAS DE 360 DIAS,9.338679633332069,
223641,2025-09,COOPERATIVA DE AHORRO Y CREDITO DE LA PEQUEÑA EMPRESA CACPE ZAMORA CHINCHIPE LTDA.,a. MENOS DE 30 DIAS,1.81771830756599,
223642,2025-09,COOPERATIVA DE AHORRO Y CREDITO DE LA PEQUEÑA EMPRESA CACPE ZAMORA CHINCHIPE LTDA.,b. 30 - 60 DIAS,5.794974431797474,
223643,2025-09,COOPERATIVA DE AHORRO Y CREDITO DE LA PEQUEÑA EMPRESA CACPE ZAMORA CHINCHIPE LTDA.,c. 61 - 90 DIAS,6.079575862244459,
223644,2025-09,COOPERATIVA DE AHORRO Y CREDITO DE LA PEQUEÑA EMPRESA CACPE ZAMORA CHINCHIPE LTDA.,d. 91 - 120 DIAS,6.600594613573865,
223645,2025-09,COOPERATIVA DE AHORRO Y CREDITO DE LA PEQUEÑA EMPRESA CACPE ZAMORA CHINCHIPE LTDA.,e. 121 - 180 DIAS,6.899504659660714,
223646,2025-09,COOPERATIVA DE AHORRO Y CREDITO DE LA PEQUEÑA EMPRESA CACPE ZAMORA CHINCHIPE LTDA.,f. 181 - 360 DIAS,7.727744625526935,
223647,2025-09,COOPERATIVA DE AHORRO Y CREDITO DE LA PEQUEÑA EMPRESA CACPE ZAMORA CHINCHIPE LTDA.,g. MAS DE 360 DIAS,8.983162507800609,
223648,2025-09,COOPERATIVA DE AHORRO Y CREDITO DE LA PEQUEÑA EMPRESA DE COTOPAXI LIMITADA,a. MENOS DE 30 DIAS,1.38032996217299,AAA-
223649,2025-09,COOPERATIVA DE AHORRO Y CREDITO DE LA PEQUEÑA EMPRESA DE COTOPAXI LIMITADA,b. 30 - 60 DIAS,4.921420463855482,AAA-
223650,2025-09,COOPERATIVA DE AHORRO Y CREDITO DE LA PEQUEÑA EMPRESA DE COTOPAXI LIMITADA,c. 61 - 90 DIAS,5.196591191477711,AAA-
223651,2025-09,COOPERATIVA DE AHORRO Y CREDITO DE LA PEQUEÑA EMPRESA DE COTOPAXI LIMITADA,d. 91 - 120 DIAS,5.5564482622563425,AAA-
223652,2025-09,COOPERATIVA DE AHORRO Y CREDITO DE LA PEQUEÑA EMPRESA DE COTOPAXI LIMITADA,e. 121 - 180 DIAS,5.8200320062836655,AAA-
223653,2025-09,COOPERATIVA DE AHORRO Y CREDITO DE LA PEQUEÑA EMPRESA DE COTOPAXI LIMITADA,f. 181 - 360 DIAS,6.393030221026652,AAA-
223654,2025-09,COOPERATIVA DE AHORRO Y CREDITO DE LA PEQUEÑA EMPRESA DE COTOPAXI LIMITADA,g. MAS DE 360 DIAS,7.180353170967361,AAA-
223655,2025-09,COOPERATIVA DE AHORRO Y CREDITO DE LA PEQUEÑA EMPRESA DE PASTAZA LIMITADA,a. MENOS DE 30 DIAS,0.5,AA+
223656,2025-09,COOPERATIVA DE AHORRO Y CREDITO DE LA PEQUEÑA EMPRESA DE PASTAZA LIMITADA,b. 30 - 60 DIAS,5.196790555968763,AA+
223657,2025-09,COOPERATIVA DE AHORRO Y CREDITO DE LA PEQUEÑA EMPRESA DE PASTAZA LIMITADA,c. 61 - 90 DIAS,5.183282816675381,AA+
223658,2025-09,COOPERATIVA DE AHORRO Y CREDITO DE LA PEQUEÑA EMPRESA DE PASTAZA LIMITADA,d. 91 - 120 DIAS,5.636686754330551,AA+
223659,2025-09,COOPERATIVA DE AHORRO Y CREDITO DE LA PEQUEÑA EMPRESA DE PASTAZA LIMITADA,e. 121 - 180 DIAS,5.755849852738495,AA+
223660,2025-09,COOPERATIVA DE AHORRO Y CREDITO DE LA PEQUEÑA EMPRESA DE PASTAZA LIMITADA,f. 181 - 360 DIAS,6.300274000916699,AA+
223661,2025-09,COOPERATIVA DE AHORRO Y CREDITO DE LA PEQUEÑA EMPRESA DE PASTAZA LIMITADA,g. MAS DE 360 DIAS,7.427890500015984,AA+
223662,2025-09,COOPERATIVA DE AHORRO Y CREDITO DE LA PEQUEÑA EMPRESA GUALAQUIZA,a. MENOS DE 30 DIAS,1.1053785060749,BBB
223663,2025-09,COOPERATIVA DE AHORRO Y CREDITO DE LA PEQUEÑA EMPRESA GUALAQUIZA,b. 30 - 60 DIAS,4.594653468644919,BBB
223664,2025-09,COOPERATIVA DE AHORRO Y CREDITO DE LA PEQUEÑA EMPRESA GUALAQUIZA,c. 61 - 90 DIAS,5.032595335689286,BBB
223665,2025-09,COOPERATIVA DE AHORRO Y CREDITO DE LA PEQUEÑA EMPRESA GUALAQUIZA,d. 91 - 120 DIAS,5.118615608405797,BBB
223666,2025-09,COOPERATIVA DE AHORRO Y CREDITO DE LA PEQUEÑA EMPRESA GUALAQUIZA,e. 121 - 180 DIAS,6.274791078059959,BBB
223667,2025-09,COOPERATIVA DE AHORRO Y CREDITO DE LA PEQUEÑA EMPRESA GUALAQUIZA,f. 181 - 360 DIAS,6.809417827183776,BBB
223668,2025-09,COOPERATIVA DE AHORRO Y CREDITO DE LA PEQUEÑA EMPRESA GUALAQUIZA,g. MAS DE 360 DIAS,8.45121512456318,BBB
223669,2025-09,COOPERATIVA DE AHORRO Y CREDITO DE LOS EMPLEADOS DE CERVECERIA NACIONAL SA Y DINADEC SA CRECER,a. MENOS DE 30 DIAS,5.95000036047701,
223670,2025-09,COOPERATIVA DE AHORRO Y CREDITO DE LOS EMPLEADOS DE LA CORPORACION FINANCIERA NACIONAL CORFINAL,d. 91 - 120 DIAS,6.70139371490266,
223671,2025-09,COOPERATIVA DE AHORRO Y CREDITO DE LOS EMPLEADOS DE LA CORPORACION FINANCIERA NACIONAL CORFINAL,f. 181 - 360 DIAS,6.489778609063945,
223672,2025-09,COOPERATIVA DE AHORRO Y CREDITO DE LOS EMPLEADOS DE LA CORPORACION FINANCIERA NACIONAL CORFINAL,g. MAS DE 360 DIAS,8.0,
223673,2025-09,COOPERATIVA DE AHORRO Y CREDITO DE LOS EMPLEADOS DE STANDARD FRUIT COMPAÑY,a. MENOS DE 30 DIAS,4.0,
223674,2025-09,COOPERATIVA DE AHORRO Y CREDITO DE LOS EMPLEADOS DE STANDARD FRUIT COMPAÑY,c. 61 - 90 DIAS,5.7,
223675,2025-09,COOPERATIVA DE AHORRO Y CREDITO DE LOS EMPLEADOS DE STANDARD FRUIT COMPAÑY,e. 121 - 180 DIAS,5.53333333333333,
223676,2025-09,COOPERATIVA DE AHORRO Y CREDITO DE LOS EMPLEADOS DE STANDARD FRUIT COMPAÑY,f. 181 - 360 DIAS,6.5,
223677,2025-09,COOPERATIVA DE AHORRO Y CREDITO DE LOS EMPLEADOS DE STANDARD FRUIT COMPAÑY,g. MAS DE 360 DIAS,6.99358354227952,
223678,2025-09,COOPERATIVA DE AHORRO Y CREDITO DE LOS EMPLEADOS JUBILADOS Y EX-EMPLEADOS DEL BANCO CENTRAL DEL ECUADOR,a. MENOS DE 30 DIAS,0.497177324209676,
223679,2025-09,COOPERATIVA DE AHORRO Y CREDITO DE LOS EMPLEADOS JUBILADOS Y EX-EMPLEADOS DEL BANCO CENTRAL DEL ECUADOR,b. 30 - 60 DIAS,3.11444793033874,
223680,2025-09,COOPERATIVA DE AHORRO Y CREDITO DE LOS EMPLEADOS JUBILADOS Y EX-EMPLEADOS DEL BANCO CENTRAL DEL ECUADOR,c. 61 - 90 DIAS,3.54668064770408,
223681,2025-09,COOPERATIVA DE AHORRO Y CREDITO DE LOS EMPLEADOS JUBILADOS Y EX-EMPLEADOS DEL BANCO CENTRAL DEL ECUADOR,d. 91 - 120 DIAS,4.42738483188844,
223682,2025-09,COOPERATIVA DE AHORRO Y CREDITO DE LOS EMPLEADOS JUBILADOS Y EX-EMPLEADOS DEL BANCO CENTRAL DEL ECUADOR,f. 181 - 360 DIAS,5.28156107867831,
223683,2025-09,COOPERATIVA DE AHORRO Y CREDITO DE LOS EMPLEADOS JUBILADOS Y EX-EMPLEADOS DEL BANCO CENTRAL DEL ECUADOR,g. MAS DE 360 DIAS,5.71483731638541,
223684,2025-09,COOPERATIVA DE AHORRO Y CREDITO DE LOS PROFESORES EMPLEADOS Y TRABAJADORES DE LA UNIVERSIDAD TECNICA DE MANABI,a. MENOS DE 30 DIAS,2.0,
223685,2025-09,COOPERATIVA DE AHORRO Y CREDITO DE LOS PROFESORES EMPLEADOS Y TRABAJADORES DE LA UNIVERSIDAD TECNICA DE MANABI,b. 30 - 60 DIAS,5.13,
223686,2025-09,COOPERATIVA DE AHORRO Y CREDITO DE LOS PROFESORES EMPLEADOS Y TRABAJADORES DE LA UNIVERSIDAD TECNICA DE MANABI,c. 61 - 90 DIAS,3.3,
223687,2025-09,COOPERATIVA DE AHORRO Y CREDITO DE LOS PROFESORES EMPLEADOS Y TRABAJADORES DE LA UNIVERSIDAD TECNICA DE MANABI,d. 91 - 120 DIAS,5.96215401339336,
223688,2025-09,COOPERATIVA DE AHORRO Y CREDITO DE LOS PROFESORES EMPLEADOS Y TRABAJADORES DE LA UNIVERSIDAD TECNICA DE MANABI,f. 181 - 360 DIAS,6.513445291385934,
223689,2025-09,COOPERATIVA DE AHORRO Y CREDITO DE LOS SERVIDORES PUBLICOS DEL MINISTERIO DE EDUCACION Y CULTURA,a. MENOS DE 30 DIAS,3.16672256318883,AA+
223690,2025-09,COOPERATIVA DE AHORRO Y CREDITO DE LOS SERVIDORES PUBLICOS DEL MINISTERIO DE EDUCACION Y CULTURA,b. 30 - 60 DIAS,4.9029445006177195,AA+
223691,2025-09,COOPERATIVA DE AHORRO Y CREDITO DE LOS SERVIDORES PUBLICOS DEL MINISTERIO DE EDUCACION Y CULTURA,c. 61 - 90 DIAS,4.5,AA+
223692,2025-09,COOPERATIVA DE AHORRO Y CREDITO DE LOS SERVIDORES PUBLICOS DEL MINISTERIO DE EDUCACION Y CULTURA,d. 91 - 120 DIAS,7.563219545470282,AA+
223693,2025-09,COOPERATIVA DE AHORRO Y CREDITO DE LOS SERVIDORES PUBLICOS DEL MINISTERIO DE EDUCACION Y CULTURA,e. 121 - 180 DIAS,8.092455400109557,AA+
223694,2025-09,COOPERATIVA DE AHORRO Y CREDITO DE LOS SERVIDORES PUBLICOS DEL MINISTERIO DE EDUCACION Y CULTURA,f. 181 - 360 DIAS,8.450807011088024,AA+
223695,2025-09,COOPERATIVA DE AHORRO Y CREDITO DE LOS SERVIDORES PUBLICOS DEL MINISTERIO DE EDUCACION Y CULTURA,g. MAS DE 360 DIAS,8.826732487870776,AA+
223696,2025-09,COOPERATIVA DE AHORRO Y CREDITO DE TRABAJADORES AGROPECUARIOS Y DE SERVICIOS EL PORVENIR,a. MENOS DE 30 DIAS,2.0,
223697,2025-09,COOPERATIVA DE AHORRO Y CREDITO DEL AZUAY,a. MENOS DE 30 DIAS,1.25,
223698,2025-09,COOPERATIVA DE AHORRO Y CREDITO DEL AZUAY,b. 30 - 60 DIAS,6.0,
223699,2025-09,COOPERATIVA DE AHORRO Y CREDITO DEL AZUAY,c. 61 - 90 DIAS,6.83069996652219,
223700,2025-09,COOPERATIVA DE AHORRO Y CREDITO DEL AZUAY,d. 91 - 120 DIAS,7.0,
223701,2025-09,COOPERATIVA DE AHORRO Y CREDITO DEL AZUAY,e. 121 - 180 DIAS,7.0,
223702,2025-09,COOPERATIVA DE AHORRO Y CREDITO DEL AZUAY,f. 181 - 360 DIAS,8.53069306930693,
223703,2025-09,COOPERATIVA DE AHORRO Y CREDITO DEL AZUAY,g. MAS DE 360 DIAS,9.236147689129874,
223704,2025-09,COOPERATIVA DE AHORRO Y CREDITO DEL EMIGRANTE ECUATORIANO Y SU FAMILIA LTDA,a. MENOS DE 30 DIAS,0.02,
223705,2025-09,COOPERATIVA DE AHORRO Y CREDITO DEL EMIGRANTE ECUATORIANO Y SU FAMILIA LTDA,b. 30 - 60 DIAS,8.172,
223706,2025-09,COOPERATIVA DE AHORRO Y CREDITO DEL EMIGRANTE ECUATORIANO Y SU FAMILIA LTDA,c. 61 - 90 DIAS,8.366875,
223707,2025-09,COOPERATIVA DE AHORRO Y CREDITO DEL EMIGRANTE ECUATORIANO Y SU FAMILIA LTDA,d. 91 - 120 DIAS,8.36,
223708,2025-09,COOPERATIVA DE AHORRO Y CREDITO DEL EMIGRANTE ECUATORIANO Y SU FAMILIA LTDA,e. 121 - 180 DIAS,8.443488372093025,
223709,2025-09,COOPERATIVA DE AHORRO Y CREDITO DEL EMIGRANTE ECUATORIANO Y SU FAMILIA LTDA,f. 181 - 360 DIAS,8.46344827586207,
223710,2025-09,COOPERATIVA DE AHORRO Y CREDITO DEL EMIGRANTE ECUATORIANO Y SU FAMILIA LTDA,g. MAS DE 360 DIAS,9.22727853979519,
223711,2025-09,COOPERATIVA DE AHORRO Y CREDITO DEL MAGISTERIO DE PICHINCHA,a. MENOS DE 30 DIAS,0.709376643694779,
223712,2025-09,COOPERATIVA DE AHORRO Y CREDITO DEL MAGISTERIO DE PICHINCHA,b. 30 - 60 DIAS,5.75,
223713,2025-09,COOPERATIVA DE AHORRO Y CREDITO DEL MAGISTERIO DE PICHINCHA,c. 61 - 90 DIAS,6.75,
223714,2025-09,COOPERATIVA DE AHORRO Y CREDITO DEL MAGISTERIO DE PICHINCHA,d. 91 - 120 DIAS,8.04852941176471,
223715,2025-09,COOPERATIVA DE AHORRO Y CREDITO DEL MAGISTERIO DE PICHINCHA,e. 121 - 180 DIAS,8.34365861192154,
223716,2025-09,COOPERATIVA DE AHORRO Y CREDITO DEL MAGISTERIO DE PICHINCHA,f. 181 - 360 DIAS,8.86743899292222,
223717,2025-09,COOPERATIVA DE AHORRO Y CREDITO DEL MAGISTERIO DE PICHINCHA,g. MAS DE 360 DIAS,9.99724445796472,
223718,2025-09,COOPERATIVA DE AHORRO Y CREDITO DIVINO NIÑO,a. MENOS DE 30 DIAS,0.2,
223719,2025-09,COOPERATIVA DE AHORRO Y CREDITO DIVINO NIÑO,d. 91 - 120 DIAS,4.73,
223720,2025-09,COOPERATIVA DE AHORRO Y CREDITO DIVINO NIÑO,f. 181 - 360 DIAS,8.15,
223721,2025-09,COOPERATIVA DE AHORRO Y CREDITO DIVINO NIÑO,g. MAS DE 360 DIAS,11.7643996771946,
223722,2025-09,COOPERATIVA DE AHORRO Y CREDITO DOCENTES UNIVERSITARIOS,d. 91 - 120 DIAS,4.12075159495397,
223723,2025-09,COOPERATIVA DE AHORRO Y CREDITO DOCENTES UNIVERSITARIOS,e. 121 - 180 DIAS,4.04,
223724,2025-09,COOPERATIVA DE AHORRO Y CREDITO DOCENTES UNIVERSITARIOS,f. 181 - 360 DIAS,6.46588613194931,
223725,2025-09,COOPERATIVA DE AHORRO Y CREDITO DOCENTES UNIVERSITARIOS,g. MAS DE 360 DIAS,5.0,
223726,2025-09,COOPERATIVA DE AHORRO Y CREDITO DORADO LTDA,a. MENOS DE 30 DIAS,0.01,
223727,2025-09,COOPERATIVA DE AHORRO Y CREDITO DORADO LTDA,d. 91 - 120 DIAS,11.2214218150113,
223728,2025-09,COOPERATIVA DE AHORRO Y CREDITO DORADO LTDA,e. 121 - 180 DIAS,10.2277520506403,
223729,2025-09,COOPERATIVA DE AHORRO Y CREDITO DORADO LTDA,f. 181 - 360 DIAS,11.983333333333334,
223730,2025-09,COOPERATIVA DE AHORRO Y CREDITO DORADO LTDA,g. MAS DE 360 DIAS,12.696641700234968,
223731,2025-09,COOPERATIVA DE AHORRO Y CREDITO DR CORNELIO SAENZ VERA LTDA,a. MENOS DE 30 DIAS,2.4,
223732,2025-09,COOPERATIVA DE AHORRO Y CREDITO ECONOMIA DEL SUR ECOSUR,a. MENOS DE 30 DIAS,1.2,
223733,2025-09,COOPERATIVA DE AHORRO Y CREDITO ECONOMIA DEL SUR ECOSUR,b. 30 - 60 DIAS,5.12,
223734,2025-09,COOPERATIVA DE AHORRO Y CREDITO ECONOMIA DEL SUR ECOSUR,c. 61 - 90 DIAS,6.14,
223735,2025-09,COOPERATIVA DE AHORRO Y CREDITO ECONOMIA DEL SUR ECOSUR,d. 91 - 120 DIAS,6.33,
223736,2025-09,COOPERATIVA DE AHORRO Y CREDITO ECONOMIA DEL SUR ECOSUR,e. 121 - 180 DIAS,6.86,
223737,2025-09,COOPERATIVA DE AHORRO Y CREDITO ECONOMIA DEL SUR ECOSUR,f. 181 - 360 DIAS,7.74787570687685,
223738,2025-09,COOPERATIVA DE AHORRO Y CREDITO ECONOMIA DEL SUR ECOSUR,g. MAS DE 360 DIAS,8.78178660005698,
223739,2025-09,COOPERATIVA DE AHORRO Y CREDITO ECUACREDITOS LTDA,a. MENOS DE 30 DIAS,0.01,
223740,2025-09,COOPERATIVA DE AHORRO Y CREDITO ECUACREDITOS LTDA,b. 30 - 60 DIAS,6.1474441180450405,
223741,2025-09,COOPERATIVA DE AHORRO Y CREDITO ECUACREDITOS LTDA,c. 61 - 90 DIAS,9.486037365455735,
223742,2025-09,COOPERATIVA DE AHORRO Y CREDITO ECUACREDITOS LTDA,d. 91 - 120 DIAS,10.264355205513025,
223743,2025-09,COOPERATIVA DE AHORRO Y CREDITO ECUACREDITOS LTDA,e. 121 - 180 DIAS,9.198694038403564,
223744,2025-09,COOPERATIVA DE AHORRO Y CREDITO ECUACREDITOS LTDA,f. 181 - 360 DIAS,11.863293681014165,
223745,2025-09,COOPERATIVA DE AHORRO Y CREDITO ECUACREDITOS LTDA,g. MAS DE 360 DIAS,11.957827362197085,
223746,2025-09,COOPERATIVA DE AHORRO Y CREDITO ECUAFUTURO LTDA,a. MENOS DE 30 DIAS,1.0,
223747,2025-09,COOPERATIVA DE AHORRO Y CREDITO ECUAFUTURO LTDA,b. 30 - 60 DIAS,4.4135309618892204,
223748,2025-09,COOPERATIVA DE AHORRO Y CREDITO ECUAFUTURO LTDA,c. 61 - 90 DIAS,5.5,
223749,2025-09,COOPERATIVA DE AHORRO Y CREDITO ECUAFUTURO LTDA,d. 91 - 120 DIAS,6.5,
223750,2025-09,COOPERATIVA DE AHORRO Y CREDITO ECUAFUTURO LTDA,e. 121 - 180 DIAS,6.5,
223751,2025-09,COOPERATIVA DE AHORRO Y CREDITO ECUAFUTURO LTDA,f. 181 - 360 DIAS,7.62850042618543,
223752,2025-09,COOPERATIVA DE AHORRO Y CREDITO ECUAFUTURO LTDA,g. MAS DE 360 DIAS,9.666777934358484,
223753,2025-09,COOPERATIVA DE AHORRO Y CREDITO EDUCADORES DE BOLIVAR,a. MENOS DE 30 DIAS,1.16,
223754,2025-09,COOPERATIVA DE AHORRO Y CREDITO EDUCADORES DE BOLIVAR,b. 30 - 60 DIAS,8.844026736391676,
223755,2025-09,COOPERATIVA DE AHORRO Y CREDITO EDUCADORES DE BOLIVAR,d. 91 - 120 DIAS,9.54,
223756,2025-09,COOPERATIVA DE AHORRO Y CREDITO EDUCADORES DE BOLIVAR,f. 181 - 360 DIAS,9.5,
223757,2025-09,COOPERATIVA DE AHORRO Y CREDITO EDUCADORES DE BOLIVAR,g. MAS DE 360 DIAS,11.0,
223758,2025-09,COOPERATIVA DE AHORRO Y CREDITO EDUCADORES DE CHIMBORAZO LTDA,a. MENOS DE 30 DIAS,1.0,
223759,2025-09,COOPERATIVA DE AHORRO Y CREDITO EDUCADORES DE CHIMBORAZO LTDA,c. 61 - 90 DIAS,6.135058992236306,
223760,2025-09,COOPERATIVA DE AHORRO Y CREDITO EDUCADORES DE CHIMBORAZO LTDA,d. 91 - 120 DIAS,6.285963018568009,
223761,2025-09,COOPERATIVA DE AHORRO Y CREDITO EDUCADORES DE CHIMBORAZO LTDA,e. 121 - 180 DIAS,7.24081142191084,
223762,2025-09,COOPERATIVA DE AHORRO Y CREDITO EDUCADORES DE CHIMBORAZO LTDA,f. 181 - 360 DIAS,7.445952482233199,
223763,2025-09,COOPERATIVA DE AHORRO Y CREDITO EDUCADORES DE CHIMBORAZO LTDA,g. MAS DE 360 DIAS,9.135720581739648,
223764,2025-09,COOPERATIVA DE AHORRO Y CREDITO EDUCADORES DE LOJA - CACEL LTDA.,a. MENOS DE 30 DIAS,1.00255225600292,A-
223765,2025-09,COOPERATIVA DE AHORRO Y CREDITO EDUCADORES DE LOJA - CACEL LTDA.,b. 30 - 60 DIAS,5.188435147255021,A-
223766,2025-09,COOPERATIVA DE AHORRO Y CREDITO EDUCADORES DE LOJA - CACEL LTDA.,c. 61 - 90 DIAS,5.46,A-
223767,2025-09,COOPERATIVA DE AHORRO Y CREDITO EDUCADORES DE LOJA - CACEL LTDA.,d. 91 - 120 DIAS,6.485815184669059,A-
223768,2025-09,COOPERATIVA DE AHORRO Y CREDITO EDUCADORES DE LOJA - CACEL LTDA.,e. 121 - 180 DIAS,6.51356113435611,A-
223769,2025-09,COOPERATIVA DE AHORRO Y CREDITO EDUCADORES DE LOJA - CACEL LTDA.,f. 181 - 360 DIAS,7.181581653571317,A-
223770,2025-09,COOPERATIVA DE AHORRO Y CREDITO EDUCADORES DE LOJA - CACEL LTDA.,g. MAS DE 360 DIAS,8.095569994409487,A-
223771,2025-09,COOPERATIVA DE AHORRO Y CREDITO EDUCADORES DE QUEVEDO,a. MENOS DE 30 DIAS,3.0,
223772,2025-09,COOPERATIVA DE AHORRO Y CREDITO EDUCADORES DE TUNGURAHUA LTDA,a. MENOS DE 30 DIAS,2.13,
223773,2025-09,COOPERATIVA DE AHORRO Y CREDITO EDUCADORES DE TUNGURAHUA LTDA,b. 30 - 60 DIAS,4.9556489895515465,
223774,2025-09,COOPERATIVA DE AHORRO Y CREDITO EDUCADORES DE TUNGURAHUA LTDA,c. 61 - 90 DIAS,4.825,
223775,2025-09,COOPERATIVA DE AHORRO Y CREDITO EDUCADORES DE TUNGURAHUA LTDA,d. 91 - 120 DIAS,7.590795061516883,
223776,2025-09,COOPERATIVA DE AHORRO Y CREDITO EDUCADORES DE TUNGURAHUA LTDA,e. 121 - 180 DIAS,6.12,
223777,2025-09,COOPERATIVA DE AHORRO Y CREDITO EDUCADORES DE TUNGURAHUA LTDA,f. 181 - 360 DIAS,7.615678464728145,
223778,2025-09,COOPERATIVA DE AHORRO Y CREDITO EDUCADORES DE TUNGURAHUA LTDA,g. MAS DE 360 DIAS,8.852883296247697,
223779,2025-09,COOPERATIVA DE AHORRO Y CREDITO EDUCADORES DEL AZUAY LTDA,a. MENOS DE 30 DIAS,1.50457902992725,A-
223780,2025-09,COOPERATIVA DE AHORRO Y CREDITO EDUCADORES DEL AZUAY LTDA,b. 30 - 60 DIAS,5.21212690934803,A-
223781,2025-09,COOPERATIVA DE AHORRO Y CREDITO EDUCADORES DEL AZUAY LTDA,c. 61 - 90 DIAS,5.65848632157637,A-
223782,2025-09,COOPERATIVA DE AHORRO Y CREDITO EDUCADORES DEL AZUAY LTDA,d. 91 - 120 DIAS,6.31628612789684,A-
223783,2025-09,COOPERATIVA DE AHORRO Y CREDITO EDUCADORES DEL AZUAY LTDA,e. 121 - 180 DIAS,6.57613316870529,A-
223784,2025-09,COOPERATIVA DE AHORRO Y CREDITO EDUCADORES DEL AZUAY LTDA,f. 181 - 360 DIAS,6.9813740330508,A-
223785,2025-09,COOPERATIVA DE AHORRO Y CREDITO EDUCADORES DEL AZUAY LTDA,g. MAS DE 360 DIAS,8.74883348296239,A-
223786,2025-09,COOPERATIVA DE AHORRO Y CREDITO EDUCADORES DEL NAPO,a. MENOS DE 30 DIAS,1.25,
223787,2025-09,COOPERATIVA DE AHORRO Y CREDITO EDUCADORES DEL NAPO,g. MAS DE 360 DIAS,8.1,
223788,2025-09,COOPERATIVA DE AHORRO Y CREDITO EDUCADORES TULCAN LTDA,g. MAS DE 360 DIAS,10.8463587808945,
223789,2025-09,COOPERATIVA DE AHORRO Y CREDITO EDUCADORES Y ASOCIADOS ZAMORA CHINCHIPE,a. MENOS DE 30 DIAS,0.25,
223790,2025-09,COOPERATIVA DE AHORRO Y CREDITO EDUCADORES Y ASOCIADOS ZAMORA CHINCHIPE,b. 30 - 60 DIAS,6.90944553537906,
223791,2025-09,COOPERATIVA DE AHORRO Y CREDITO EDUCADORES Y ASOCIADOS ZAMORA CHINCHIPE,c. 61 - 90 DIAS,5.62,
223792,2025-09,COOPERATIVA DE AHORRO Y CREDITO EDUCADORES Y ASOCIADOS ZAMORA CHINCHIPE,d. 91 - 120 DIAS,7.187427389614103,
223793,2025-09,COOPERATIVA DE AHORRO Y CREDITO EDUCADORES Y ASOCIADOS ZAMORA CHINCHIPE,e. 121 - 180 DIAS,6.87,
223794,2025-09,COOPERATIVA DE AHORRO Y CREDITO EDUCADORES Y ASOCIADOS ZAMORA CHINCHIPE,f. 181 - 360 DIAS,7.03107142857143,
223795,2025-09,COOPERATIVA DE AHORRO Y CREDITO EL ALTAR LTDA,a. MENOS DE 30 DIAS,0.01,
223796,2025-09,COOPERATIVA DE AHORRO Y CREDITO EL ALTAR LTDA,c. 61 - 90 DIAS,6.14,
223797,2025-09,COOPERATIVA DE AHORRO Y CREDITO EL ALTAR LTDA,e. 121 - 180 DIAS,7.75348837209302,
223798,2025-09,COOPERATIVA DE AHORRO Y CREDITO EL ALTAR LTDA,f. 181 - 360 DIAS,7.75,
223799,2025-09,COOPERATIVA DE AHORRO Y CREDITO EL ALTAR LTDA,g. MAS DE 360 DIAS,7.82103766656024,
223800,2025-09,COOPERATIVA DE AHORRO Y CREDITO EL CALVARIO LTDA,a. MENOS DE 30 DIAS,2.0,
223801,2025-09,COOPERATIVA DE AHORRO Y CREDITO EL CALVARIO LTDA,e. 121 - 180 DIAS,5.99636363636364,
223802,2025-09,COOPERATIVA DE AHORRO Y CREDITO EL CALVARIO LTDA,f. 181 - 360 DIAS,3.0,
223803,2025-09,COOPERATIVA DE AHORRO Y CREDITO EL CALVARIO LTDA,g. MAS DE 360 DIAS,6.825841718996648,
223804,2025-09,COOPERATIVA DE AHORRO Y CREDITO EL MOLINO LIMITADA,a. MENOS DE 30 DIAS,1.0,
223805,2025-09,COOPERATIVA DE AHORRO Y CREDITO EL MOLINO LIMITADA,b. 30 - 60 DIAS,6.75720381451325,
223806,2025-09,COOPERATIVA DE AHORRO Y CREDITO EL MOLINO LIMITADA,c. 61 - 90 DIAS,5.53333333333333,
223807,2025-09,COOPERATIVA DE AHORRO Y CREDITO EL MOLINO LIMITADA,d. 91 - 120 DIAS,7.80244263100534,
223808,2025-09,COOPERATIVA DE AHORRO Y CREDITO EL MOLINO LIMITADA,f. 181 - 360 DIAS,8.5111071910474,
223809,2025-09,COOPERATIVA DE AHORRO Y CREDITO EL MOLINO LIMITADA,g. MAS DE 360 DIAS,9.38418395267581,
223810,2025-09,COOPERATIVA DE AHORRO Y CREDITO EL PARAISO MANGA DEL CURA,a. MENOS DE 30 DIAS,1.0,
223811,2025-09,COOPERATIVA DE AHORRO Y CREDITO EL PARAISO MANGA DEL CURA,b. 30 - 60 DIAS,5.64,
223812,2025-09,COOPERATIVA DE AHORRO Y CREDITO EL PARAISO MANGA DEL CURA,e. 121 - 180 DIAS,5.94603481962533,
223813,2025-09,COOPERATIVA DE AHORRO Y CREDITO EL PARAISO MANGA DEL CURA,f. 181 - 360 DIAS,6.75,
223814,2025-09,COOPERATIVA DE AHORRO Y CREDITO EL SAGRARIO LTDA,a. MENOS DE 30 DIAS,2.94494786798216,AA+
223815,2025-09,COOPERATIVA DE AHORRO Y CREDITO EL SAGRARIO LTDA,b. 30 - 60 DIAS,5.214887922751441,AA+
223816,2025-09,COOPERATIVA DE AHORRO Y CREDITO EL SAGRARIO LTDA,c. 61 - 90 DIAS,5.60865041944418,AA+
223817,2025-09,COOPERATIVA DE AHORRO Y CREDITO EL SAGRARIO LTDA,d. 91 - 120 DIAS,5.973436219698782,AA+
223818,2025-09,COOPERATIVA DE AHORRO Y CREDITO EL SAGRARIO LTDA,e. 121 - 180 DIAS,6.450098265262429,AA+
223819,2025-09,COOPERATIVA DE AHORRO Y CREDITO EL SAGRARIO LTDA,f. 181 - 360 DIAS,7.245449455074921,AA+
223820,2025-09,COOPERATIVA DE AHORRO Y CREDITO EL SAGRARIO LTDA,g. MAS DE 360 DIAS,8.172084364039755,AA+
223821,2025-09,COOPERATIVA DE AHORRO Y CREDITO EMPLEADOS DE LA SUPERINTENDENCIA DE COMPAÑIAS,a. MENOS DE 30 DIAS,2.5,
223822,2025-09,COOPERATIVA DE AHORRO Y CREDITO EMPLEADOS DE LA SUPERINTENDENCIA DE COMPAÑIAS,d. 91 - 120 DIAS,7.5,
223823,2025-09,COOPERATIVA DE AHORRO Y CREDITO EMPLEADOS DE LA SUPERINTENDENCIA DE COMPAÑIAS,f. 181 - 360 DIAS,7.66,
223824,2025-09,COOPERATIVA DE AHORRO Y CREDITO EMPRENDEDORES COOPEMPRENDER LIMITADA,a. MENOS DE 30 DIAS,1.0,
223825,2025-09,COOPERATIVA DE AHORRO Y CREDITO EMPRENDEDORES COOPEMPRENDER LIMITADA,c. 61 - 90 DIAS,6.93,
223826,2025-09,COOPERATIVA DE AHORRO Y CREDITO EMPRENDEDORES COOPEMPRENDER LIMITADA,d. 91 - 120 DIAS,8.4934917781896,
223827,2025-09,COOPERATIVA DE AHORRO Y CREDITO EMPRENDEDORES COOPEMPRENDER LIMITADA,e. 121 - 180 DIAS,6.82,
223828,2025-09,COOPERATIVA DE AHORRO Y CREDITO EMPRENDEDORES COOPEMPRENDER LIMITADA,f. 181 - 360 DIAS,8.4799176796832,
223829,2025-09,COOPERATIVA DE AHORRO Y CREDITO EMPRENDEDORES COOPEMPRENDER LIMITADA,g. MAS DE 360 DIAS,10.2843363299841,
223830,2025-09,COOPERATIVA DE AHORRO Y CREDITO EMPRESA ELECTRICA RIOBAMBA,b. 30 - 60 DIAS,7.54206283829999,
223831,2025-09,COOPERATIVA DE AHORRO Y CREDITO EMPRESA ELECTRICA RIOBAMBA,c. 61 - 90 DIAS,8.26,
223832,2025-09,COOPERATIVA DE AHORRO Y CREDITO EMPRESA ELECTRICA RIOBAMBA,d. 91 - 120 DIAS,8.74,
223833,2025-09,COOPERATIVA DE AHORRO Y CREDITO EMPRESA ELECTRICA RIOBAMBA,f. 181 - 360 DIAS,8.5,
223834,2025-09,COOPERATIVA DE AHORRO Y CREDITO EMPRESA ELECTRICA RIOBAMBA,g. MAS DE 360 DIAS,9.48450409601293,
223835,2025-09,COOPERATIVA DE AHORRO Y CREDITO ERCO LIMITADA,a. MENOS DE 30 DIAS,1.23794784928866,A+
223836,2025-09,COOPERATIVA DE AHORRO Y CREDITO ERCO LIMITADA,b. 30 - 60 DIAS,5.476512400775074,A+
223837,2025-09,COOPERATIVA DE AHORRO Y CREDITO ERCO LIMITADA,c. 61 - 90 DIAS,5.7869937923588095,A+
223838,2025-09,COOPERATIVA DE AHORRO Y CREDITO ERCO LIMITADA,d. 91 - 120 DIAS,6.068300073853714,A+
223839,2025-09,COOPERATIVA DE AHORRO Y CREDITO ERCO LIMITADA,e. 121 - 180 DIAS,6.324592379447711,A+
223840,2025-09,COOPERATIVA DE AHORRO Y CREDITO ERCO LIMITADA,f. 181 - 360 DIAS,6.6970671256011345,A+
223841,2025-09,COOPERATIVA DE AHORRO Y CREDITO ERCO LIMITADA,g. MAS DE 360 DIAS,8.00493502782248,A+
223842,2025-09,COOPERATIVA DE AHORRO Y CREDITO ESPERANZA DEL FUTURO LTDA,a. MENOS DE 30 DIAS,0.75,
223843,2025-09,COOPERATIVA DE AHORRO Y CREDITO ESPERANZA DEL FUTURO LTDA,b. 30 - 60 DIAS,9.42,
223844,2025-09,COOPERATIVA DE AHORRO Y CREDITO ESPERANZA DEL FUTURO LTDA,c. 61 - 90 DIAS,11.3994458397123,
223845,2025-09,COOPERATIVA DE AHORRO Y CREDITO ESPERANZA DEL FUTURO LTDA,d. 91 - 120 DIAS,10.7088386683363,
223846,2025-09,COOPERATIVA DE AHORRO Y CREDITO ESPERANZA DEL FUTURO LTDA,e. 121 - 180 DIAS,11.8910427807487,
223847,2025-09,COOPERATIVA DE AHORRO Y CREDITO ESPERANZA DEL FUTURO LTDA,f. 181 - 360 DIAS,9.95088987821447,
223848,2025-09,COOPERATIVA DE AHORRO Y CREDITO ESPERANZA DEL FUTURO LTDA,g. MAS DE 360 DIAS,10.9669475401404,
223849,2025-09,COOPERATIVA DE AHORRO Y CREDITO ESPERANZA Y PROGRESO DEL VALLE,a. MENOS DE 30 DIAS,1.3,
223850,2025-09,COOPERATIVA DE AHORRO Y CREDITO ESPERANZA Y PROGRESO DEL VALLE,b. 30 - 60 DIAS,5.915,
223851,2025-09,COOPERATIVA DE AHORRO Y CREDITO ESPERANZA Y PROGRESO DEL VALLE,c. 61 - 90 DIAS,5.93566978193146,
223852,2025-09,COOPERATIVA DE AHORRO Y CREDITO ESPERANZA Y PROGRESO DEL VALLE,d. 91 - 120 DIAS,7.64189560734449,
223853,2025-09,COOPERATIVA DE AHORRO Y CREDITO ESPERANZA Y PROGRESO DEL VALLE,e. 121 - 180 DIAS,6.312857142857145,
223854,2025-09,COOPERATIVA DE AHORRO Y CREDITO ESPERANZA Y PROGRESO DEL VALLE,f. 181 - 360 DIAS,8.278264569243275,
223855,2025-09,COOPERATIVA DE AHORRO Y CREDITO ESPERANZA Y PROGRESO DEL VALLE,g. MAS DE 360 DIAS,9.048860775060746,
223856,2025-09,COOPERATIVA DE AHORRO Y CREDITO ETAPA,a. MENOS DE 30 DIAS,0.941546118967706,
223857,2025-09,COOPERATIVA DE AHORRO Y CREDITO ETAPA,b. 30 - 60 DIAS,3.3,
223858,2025-09,COOPERATIVA DE AHORRO Y CREDITO ETAPA,d. 91 - 120 DIAS,4.32,
223859,2025-09,COOPERATIVA DE AHORRO Y CREDITO ETAPA,e. 121 - 180 DIAS,5.34,
223860,2025-09,COOPERATIVA DE AHORRO Y CREDITO ETAPA,f. 181 - 360 DIAS,7.38719162731554,
223861,2025-09,COOPERATIVA DE AHORRO Y CREDITO ETAPA,g. MAS DE 360 DIAS,9.47570763040379,
223862,2025-09,COOPERATIVA DE AHORRO Y CREDITO FAMILIA INGASEOSAS LTDA,b. 30 - 60 DIAS,6.25,
223863,2025-09,COOPERATIVA DE AHORRO Y CREDITO FAMILIA INGASEOSAS LTDA,d. 91 - 120 DIAS,7.55,
223864,2025-09,COOPERATIVA DE AHORRO Y CREDITO FAMILIA INGASEOSAS LTDA,f. 181 - 360 DIAS,9.25,
223865,2025-09,COOPERATIVA DE AHORRO Y CREDITO FAMILIA INGASEOSAS LTDA,g. MAS DE 360 DIAS,9.76668060033273,
223866,2025-09,COOPERATIVA DE AHORRO Y CREDITO FASAYÑAN LTDA,a. MENOS DE 30 DIAS,1.5,
223867,2025-09,COOPERATIVA DE AHORRO Y CREDITO FASAYÑAN LTDA,b. 30 - 60 DIAS,5.328608362021264,
223868,2025-09,COOPERATIVA DE AHORRO Y CREDITO FASAYÑAN LTDA,c. 61 - 90 DIAS,5.822582247978673,
223869,2025-09,COOPERATIVA DE AHORRO Y CREDITO FASAYÑAN LTDA,d. 91 - 120 DIAS,6.215644286696533,
223870,2025-09,COOPERATIVA DE AHORRO Y CREDITO FASAYÑAN LTDA,e. 121 - 180 DIAS,6.38395590352889,
223871,2025-09,COOPERATIVA DE AHORRO Y CREDITO FASAYÑAN LTDA,f. 181 - 360 DIAS,6.84160506931174,
223872,2025-09,COOPERATIVA DE AHORRO Y CREDITO FASAYÑAN LTDA,g. MAS DE 360 DIAS,8.302678781880294,
223873,2025-09,COOPERATIVA DE AHORRO Y CREDITO FERNANDO DAQUILEMA LIMITADA,a. MENOS DE 30 DIAS,1.0,A
223874,2025-09,COOPERATIVA DE AHORRO Y CREDITO FERNANDO DAQUILEMA LIMITADA,b. 30 - 60 DIAS,3.0245699510836555,A
223875,2025-09,COOPERATIVA DE AHORRO Y CREDITO FERNANDO DAQUILEMA LIMITADA,c. 61 - 90 DIAS,5.985009456720058,A
223876,2025-09,COOPERATIVA DE AHORRO Y CREDITO FERNANDO DAQUILEMA LIMITADA,d. 91 - 120 DIAS,7.048121856073934,A
223877,2025-09,COOPERATIVA DE AHORRO Y CREDITO FERNANDO DAQUILEMA LIMITADA,e. 121 - 180 DIAS,6.997155583379106,A
223878,2025-09,COOPERATIVA DE AHORRO Y CREDITO FERNANDO DAQUILEMA LIMITADA,f. 181 - 360 DIAS,7.669375562708942,A
223879,2025-09,COOPERATIVA DE AHORRO Y CREDITO FERNANDO DAQUILEMA LIMITADA,g. MAS DE 360 DIAS,8.864714653632115,A
223880,2025-09,COOPERATIVA DE AHORRO Y CREDITO FINANCIACION FAMILIAR,g. MAS DE 360 DIAS,8.5,
223881,2025-09,COOPERATIVA DE AHORRO Y CREDITO FINANCREDIT LTDA,a. MENOS DE 30 DIAS,5.0,
223882,2025-09,COOPERATIVA DE AHORRO Y CREDITO FINANCREDIT LTDA,b. 30 - 60 DIAS,7.21,
223883,2025-09,COOPERATIVA DE AHORRO Y CREDITO FINANCREDIT LTDA,c. 61 - 90 DIAS,7.20990566037736,
223884,2025-09,COOPERATIVA DE AHORRO Y CREDITO FINANCREDIT LTDA,d. 91 - 120 DIAS,7.6490346314555175,
223885,2025-09,COOPERATIVA DE AHORRO Y CREDITO FINANCREDIT LTDA,e. 121 - 180 DIAS,8.76658374717846,
223886,2025-09,COOPERATIVA DE AHORRO Y CREDITO FINANCREDIT LTDA,f. 181 - 360 DIAS,10.077382029088724,
223887,2025-09,COOPERATIVA DE AHORRO Y CREDITO FINANCREDIT LTDA,g. MAS DE 360 DIAS,10.64415292123628,
223888,2025-09,COOPERATIVA DE AHORRO Y CREDITO FINANZAS CORPORATIVAS LTDA,a. MENOS DE 30 DIAS,0.5,
223889,2025-09,COOPERATIVA DE AHORRO Y CREDITO FINANZAS CORPORATIVAS LTDA,b. 30 - 60 DIAS,5.6965158704276675,
223890,2025-09,COOPERATIVA DE AHORRO Y CREDITO FINANZAS CORPORATIVAS LTDA,c. 61 - 90 DIAS,5.342176467453257,
223891,2025-09,COOPERATIVA DE AHORRO Y CREDITO FINANZAS CORPORATIVAS LTDA,d. 91 - 120 DIAS,6.864193272024009,
223892,2025-09,COOPERATIVA DE AHORRO Y CREDITO FINANZAS CORPORATIVAS LTDA,e. 121 - 180 DIAS,6.6994515591329105,
223893,2025-09,COOPERATIVA DE AHORRO Y CREDITO FINANZAS CORPORATIVAS LTDA,f. 181 - 360 DIAS,8.181584819202772,
223894,2025-09,COOPERATIVA DE AHORRO Y CREDITO FINANZAS CORPORATIVAS LTDA,g. MAS DE 360 DIAS,9.38376878370375,
223895,2025-09,COOPERATIVA DE AHORRO Y CREDITO FOCLA,a. MENOS DE 30 DIAS,1.5,
223896,2025-09,COOPERATIVA DE AHORRO Y CREDITO FOCLA,b. 30 - 60 DIAS,5.39155482611754,
223897,2025-09,COOPERATIVA DE AHORRO Y CREDITO FOCLA,c. 61 - 90 DIAS,6.418339318529415,
223898,2025-09,COOPERATIVA DE AHORRO Y CREDITO FOCLA,d. 91 - 120 DIAS,7.99183908045977,
223899,2025-09,COOPERATIVA DE AHORRO Y CREDITO FOCLA,e. 121 - 180 DIAS,6.82,
223900,2025-09,COOPERATIVA DE AHORRO Y CREDITO FOCLA,f. 181 - 360 DIAS,8.535134643152125,
223901,2025-09,COOPERATIVA DE AHORRO Y CREDITO FOCLA,g. MAS DE 360 DIAS,9.9654587492477,
223902,2025-09,COOPERATIVA DE AHORRO Y CREDITO FOMENTO PARA LA PRODUCCION DE PEQUEÑAS Y MEDIANAS EMPRESAS,a. MENOS DE 30 DIAS,1.0,
223903,2025-09,COOPERATIVA DE AHORRO Y CREDITO FOMENTO PARA LA PRODUCCION DE PEQUEÑAS Y MEDIANAS EMPRESAS,e. 121 - 180 DIAS,6.86,
223904,2025-09,COOPERATIVA DE AHORRO Y CREDITO FOMENTO PARA LA PRODUCCION DE PEQUEÑAS Y MEDIANAS EMPRESAS,g. MAS DE 360 DIAS,10.0972938424107,
223905,2025-09,COOPERATIVA DE AHORRO Y CREDITO FONDO PARA EL DESARROLLO Y LA VIDA,a. MENOS DE 30 DIAS,0.01,
223906,2025-09,COOPERATIVA DE AHORRO Y CREDITO FONDO PARA EL DESARROLLO Y LA VIDA,b. 30 - 60 DIAS,4.80934365399747,
223907,2025-09,COOPERATIVA DE AHORRO Y CREDITO FONDO PARA EL DESARROLLO Y LA VIDA,c. 61 - 90 DIAS,5.67676101135188,
223908,2025-09,COOPERATIVA DE AHORRO Y CREDITO FONDO PARA EL DESARROLLO Y LA VIDA,d. 91 - 120 DIAS,5.48801845158675,
223909,2025-09,COOPERATIVA DE AHORRO Y CREDITO FONDO PARA EL DESARROLLO Y LA VIDA,e. 121 - 180 DIAS,6.32964075615901,
223910,2025-09,COOPERATIVA DE AHORRO Y CREDITO FONDO PARA EL DESARROLLO Y LA VIDA,f. 181 - 360 DIAS,7.25215368546969,
223911,2025-09,COOPERATIVA DE AHORRO Y CREDITO FONDO PARA EL DESARROLLO Y LA VIDA,g. MAS DE 360 DIAS,9.88872343552607,
223912,2025-09,COOPERATIVA DE AHORRO Y CREDITO FUTURO ESFUERZO Y DISCIPLINA,a. MENOS DE 30 DIAS,1.65993202862742,
223913,2025-09,COOPERATIVA DE AHORRO Y CREDITO FUTURO ESFUERZO Y DISCIPLINA,b. 30 - 60 DIAS,6.16,
223914,2025-09,COOPERATIVA DE AHORRO Y CREDITO FUTURO ESFUERZO Y DISCIPLINA,c. 61 - 90 DIAS,6.66,
223915,2025-09,COOPERATIVA DE AHORRO Y CREDITO FUTURO ESFUERZO Y DISCIPLINA,e. 121 - 180 DIAS,7.12,
223916,2025-09,COOPERATIVA DE AHORRO Y CREDITO FUTURO ESFUERZO Y DISCIPLINA,f. 181 - 360 DIAS,7.25,
223917,2025-09,COOPERATIVA DE AHORRO Y CREDITO FUTURO LAMANENSE,a. MENOS DE 30 DIAS,0.611862055848061,
223918,2025-09,COOPERATIVA DE AHORRO Y CREDITO FUTURO LAMANENSE,c. 61 - 90 DIAS,6.0,
223919,2025-09,COOPERATIVA DE AHORRO Y CREDITO FUTURO LAMANENSE,d. 91 - 120 DIAS,6.196508227921052,
223920,2025-09,COOPERATIVA DE AHORRO Y CREDITO FUTURO LAMANENSE,f. 181 - 360 DIAS,7.0643312911992675,
223921,2025-09,COOPERATIVA DE AHORRO Y CREDITO FUTURO LAMANENSE,g. MAS DE 360 DIAS,7.268671412811518,
223922,2025-09,COOPERATIVA DE AHORRO Y CREDITO FUTURO Y PROGRESO DE GALAPAGOS,a. MENOS DE 30 DIAS,1.2,
223923,2025-09,COOPERATIVA DE AHORRO Y CREDITO FUTURO Y PROGRESO DE GALAPAGOS,b. 30 - 60 DIAS,5.43,
223924,2025-09,COOPERATIVA DE AHORRO Y CREDITO FUTURO Y PROGRESO DE GALAPAGOS,f. 181 - 360 DIAS,8.0,
223925,2025-09,COOPERATIVA DE AHORRO Y CREDITO GAÑANSOL LTDA,a. MENOS DE 30 DIAS,4.25,
223926,2025-09,COOPERATIVA DE AHORRO Y CREDITO GAÑANSOL LTDA,b. 30 - 60 DIAS,5.55,
223927,2025-09,COOPERATIVA DE AHORRO Y CREDITO GAÑANSOL LTDA,c. 61 - 90 DIAS,5.87,
223928,2025-09,COOPERATIVA DE AHORRO Y CREDITO GAÑANSOL LTDA,d. 91 - 120 DIAS,6.29,
223929,2025-09,COOPERATIVA DE AHORRO Y CREDITO GAÑANSOL LTDA,e. 121 - 180 DIAS,6.29,
223930,2025-09,COOPERATIVA DE AHORRO Y CREDITO GAÑANSOL LTDA,f. 181 - 360 DIAS,6.71161144569511,
223931,2025-09,COOPERATIVA DE AHORRO Y CREDITO GAÑANSOL LTDA,g. MAS DE 360 DIAS,9.376294014379006,
223932,2025-09,COOPERATIVA DE AHORRO Y CREDITO GENERAL ANGEL FLORES LTDA,a. MENOS DE 30 DIAS,1.33,
223933,2025-09,COOPERATIVA DE AHORRO Y CREDITO GENERAL ANGEL FLORES LTDA,d. 91 - 120 DIAS,8.84,
223934,2025-09,COOPERATIVA DE AHORRO Y CREDITO GENERAL ANGEL FLORES LTDA,f. 181 - 360 DIAS,6.18,
223935,2025-09,COOPERATIVA DE AHORRO Y CREDITO GENERAL ANGEL FLORES LTDA,g. MAS DE 360 DIAS,8.51680573696822,
223936,2025-09,COOPERATIVA DE AHORRO Y CREDITO GESTION PARA EL DESARROLLO,a. MENOS DE 30 DIAS,1.0,
223937,2025-09,COOPERATIVA DE AHORRO Y CREDITO GESTION PARA EL DESARROLLO,b. 30 - 60 DIAS,7.11038465084981,
223938,2025-09,COOPERATIVA DE AHORRO Y CREDITO GESTION PARA EL DESARROLLO,c. 61 - 90 DIAS,6.66,
223939,2025-09,COOPERATIVA DE AHORRO Y CREDITO GESTION PARA EL DESARROLLO,d. 91 - 120 DIAS,7.832018712212995,
223940,2025-09,COOPERATIVA DE AHORRO Y CREDITO GESTION PARA EL DESARROLLO,f. 181 - 360 DIAS,7.5676222031853655,
223941,2025-09,COOPERATIVA DE AHORRO Y CREDITO GESTION PARA EL DESARROLLO,g. MAS DE 360 DIAS,8.301966930447225,
223942,2025-09,COOPERATIVA DE AHORRO Y CREDITO GONZANAMA,a. MENOS DE 30 DIAS,2.0,
223943,2025-09,COOPERATIVA DE AHORRO Y CREDITO GONZANAMA,c. 61 - 90 DIAS,6.89951056651489,
223944,2025-09,COOPERATIVA DE AHORRO Y CREDITO GONZANAMA,d. 91 - 120 DIAS,7.04373197214699,
223945,2025-09,COOPERATIVA DE AHORRO Y CREDITO GONZANAMA,e. 121 - 180 DIAS,7.57,
223946,2025-09,COOPERATIVA DE AHORRO Y CREDITO GONZANAMA,f. 181 - 360 DIAS,8.32942752701977,
223947,2025-09,COOPERATIVA DE AHORRO Y CREDITO GONZANAMA,g. MAS DE 360 DIAS,9.32944113438197,
223948,2025-09,COOPERATIVA DE AHORRO Y CREDITO GRUPO DIFARE,a. MENOS DE 30 DIAS,6.28107591549065,
223949,2025-09,COOPERATIVA DE AHORRO Y CREDITO GRUPO DIFARE,b. 30 - 60 DIAS,4.07,
223950,2025-09,COOPERATIVA DE AHORRO Y CREDITO GRUPO DIFARE,c. 61 - 90 DIAS,5.1,
223951,2025-09,COOPERATIVA DE AHORRO Y CREDITO GRUPO DIFARE,d. 91 - 120 DIAS,5.60286954706715,
223952,2025-09,COOPERATIVA DE AHORRO Y CREDITO GRUPO DIFARE,f. 181 - 360 DIAS,6.60664527141734,
223953,2025-09,COOPERATIVA DE AHORRO Y CREDITO GRUPO DIFARE,g. MAS DE 360 DIAS,8.18999588428352,
223954,2025-09,COOPERATIVA DE AHORRO Y CREDITO GUARANDA LTDA,a. MENOS DE 30 DIAS,1.23243978621867,BBB+
223955,2025-09,COOPERATIVA DE AHORRO Y CREDITO GUARANDA LTDA,b. 30 - 60 DIAS,6.635889356450484,BBB+
223956,2025-09,COOPERATIVA DE AHORRO Y CREDITO GUARANDA LTDA,c. 61 - 90 DIAS,6.805944554526287,BBB+
223957,2025-09,COOPERATIVA DE AHORRO Y CREDITO GUARANDA LTDA,d. 91 - 120 DIAS,6.519178392578152,BBB+
223958,2025-09,COOPERATIVA DE AHORRO Y CREDITO GUARANDA LTDA,e. 121 - 180 DIAS,6.389109271463506,BBB+
223959,2025-09,COOPERATIVA DE AHORRO Y CREDITO GUARANDA LTDA,f. 181 - 360 DIAS,6.948100202678423,BBB+
223960,2025-09,COOPERATIVA DE AHORRO Y CREDITO GUARANDA LTDA,g. MAS DE 360 DIAS,7.682394214178857,BBB+
223961,2025-09,COOPERATIVA DE AHORRO Y CREDITO HERMES GAIBOR VERDESOTO,a. MENOS DE 30 DIAS,3.0,
223962,2025-09,COOPERATIVA DE AHORRO Y CREDITO HERMES GAIBOR VERDESOTO,b. 30 - 60 DIAS,4.72138650532032,
223963,2025-09,COOPERATIVA DE AHORRO Y CREDITO HERMES GAIBOR VERDESOTO,c. 61 - 90 DIAS,7.697665797856935,
223964,2025-09,COOPERATIVA DE AHORRO Y CREDITO HERMES GAIBOR VERDESOTO,d. 91 - 120 DIAS,9.25166409026322,
223965,2025-09,COOPERATIVA DE AHORRO Y CREDITO HERMES GAIBOR VERDESOTO,e. 121 - 180 DIAS,9.82197889182058,
223966,2025-09,COOPERATIVA DE AHORRO Y CREDITO HERMES GAIBOR VERDESOTO,f. 181 - 360 DIAS,12.0035133121567,
223967,2025-09,COOPERATIVA DE AHORRO Y CREDITO HERMES GAIBOR VERDESOTO,g. MAS DE 360 DIAS,12.117132988944949,
223968,2025-09,COOPERATIVA DE AHORRO Y CREDITO HUAICANA LTDA,b. 30 - 60 DIAS,4.44988892325427,
223969,2025-09,COOPERATIVA DE AHORRO Y CREDITO HUAICANA LTDA,c. 61 - 90 DIAS,4.56151468456722,
223970,2025-09,COOPERATIVA DE AHORRO Y CREDITO HUAICANA LTDA,d. 91 - 120 DIAS,6.37612458981711,
223971,2025-09,COOPERATIVA DE AHORRO Y CREDITO HUAICANA LTDA,e. 121 - 180 DIAS,7.27166656853662,
223972,2025-09,COOPERATIVA DE AHORRO Y CREDITO HUAICANA LTDA,f. 181 - 360 DIAS,7.75250766181245,
223973,2025-09,COOPERATIVA DE AHORRO Y CREDITO HUAICANA LTDA,g. MAS DE 360 DIAS,8.83923285836116,
223974,2025-09,COOPERATIVA DE AHORRO Y CREDITO HUANCAVILCA LTDA,a. MENOS DE 30 DIAS,0.5,
223975,2025-09,COOPERATIVA DE AHORRO Y CREDITO HUANCAVILCA LTDA,c. 61 - 90 DIAS,4.997511731472694,
223976,2025-09,COOPERATIVA DE AHORRO Y CREDITO HUANCAVILCA LTDA,d. 91 - 120 DIAS,5.5988089282403815,
223977,2025-09,COOPERATIVA DE AHORRO Y CREDITO HUANCAVILCA LTDA,e. 121 - 180 DIAS,5.935582069587032,
223978,2025-09,COOPERATIVA DE AHORRO Y CREDITO HUANCAVILCA LTDA,f. 181 - 360 DIAS,7.200647898807175,
223979,2025-09,COOPERATIVA DE AHORRO Y CREDITO HUANCAVILCA LTDA,g. MAS DE 360 DIAS,8.22847495053904,
223980,2025-09,COOPERATIVA DE AHORRO Y CREDITO HUAQUILLAS LTDA,a. MENOS DE 30 DIAS,1.01,
223981,2025-09,COOPERATIVA DE AHORRO Y CREDITO HUAQUILLAS LTDA,g. MAS DE 360 DIAS,9.39507373668437,
223982,2025-09,COOPERATIVA DE AHORRO Y CREDITO ILINIZA LTDA,a. MENOS DE 30 DIAS,2.67,
223983,2025-09,COOPERATIVA DE AHORRO Y CREDITO ILINIZA LTDA,c. 61 - 90 DIAS,6.886666666666667,
223984,2025-09,COOPERATIVA DE AHORRO Y CREDITO ILINIZA LTDA,d. 91 - 120 DIAS,7.6756930091185405,
223985,2025-09,COOPERATIVA DE AHORRO Y CREDITO ILINIZA LTDA,e. 121 - 180 DIAS,7.52,
223986,2025-09,COOPERATIVA DE AHORRO Y CREDITO ILINIZA LTDA,f. 181 - 360 DIAS,9.920899677312262,
223987,2025-09,COOPERATIVA DE AHORRO Y CREDITO ILINIZA LTDA,g. MAS DE 360 DIAS,11.476416605599468,
223988,2025-09,COOPERATIVA DE AHORRO Y CREDITO IMBABURA IMBACOOP LTDA,a. MENOS DE 30 DIAS,1.26,
223989,2025-09,COOPERATIVA DE AHORRO Y CREDITO IMBABURA IMBACOOP LTDA,b. 30 - 60 DIAS,6.50736575351344,
223990,2025-09,COOPERATIVA DE AHORRO Y CREDITO IMBABURA IMBACOOP LTDA,c. 61 - 90 DIAS,8.437100847282753,
223991,2025-09,COOPERATIVA DE AHORRO Y CREDITO IMBABURA IMBACOOP LTDA,d. 91 - 120 DIAS,7.876210128622911,
223992,2025-09,COOPERATIVA DE AHORRO Y CREDITO IMBABURA IMBACOOP LTDA,e. 121 - 180 DIAS,7.913653478041219,
223993,2025-09,COOPERATIVA DE AHORRO Y CREDITO IMBABURA IMBACOOP LTDA,f. 181 - 360 DIAS,9.397772497781267,
223994,2025-09,COOPERATIVA DE AHORRO Y CREDITO IMBABURA IMBACOOP LTDA,g. MAS DE 360 DIAS,12.262888874086135,
223995,2025-09,COOPERATIVA DE AHORRO Y CREDITO IMBABURA LTDA,a. MENOS DE 30 DIAS,1.31328186402275,
223996,2025-09,COOPERATIVA DE AHORRO Y CREDITO IMBABURA LTDA,b. 30 - 60 DIAS,6.18,
223997,2025-09,COOPERATIVA DE AHORRO Y CREDITO IMBABURA LTDA,c. 61 - 90 DIAS,9.42,
223998,2025-09,COOPERATIVA DE AHORRO Y CREDITO IMBABURA LTDA,f. 181 - 360 DIAS,12.14176473084,
223999,2025-09,COOPERATIVA DE AHORRO Y CREDITO IMBABURA LTDA,g. MAS DE 360 DIAS,12.75,
224000,2025-09,COOPERATIVA DE AHORRO Y CREDITO INDIGENA ALFA Y OMEGA LTDA,a. MENOS DE 30 DIAS,0.74,
224001,2025-09,COOPERATIVA DE AHORRO Y CREDITO INDIGENA ALFA Y OMEGA LTDA,e. 121 - 180 DIAS,8.33,
224002,2025-09,COOPERATIVA DE AHORRO Y CREDITO INDIGENA ALFA Y OMEGA LTDA,f. 181 - 360 DIAS,7.25,
224003,2025-09,COOPERATIVA DE AHORRO Y CREDITO INDIGENA ALFA Y OMEGA LTDA,g. MAS DE 360 DIAS,10.012544605723,
224004,2025-09,COOPERATIVA DE AHORRO Y CREDITO INDIGENA SAC LATACUNGA LTDA,a. MENOS DE 30 DIAS,1.5,
224005,2025-09,COOPERATIVA DE AHORRO Y CREDITO INDIGENA SAC LATACUNGA LTDA,b. 30 - 60 DIAS,6.65677151558395,
224006,2025-09,COOPERATIVA DE AHORRO Y CREDITO INDIGENA SAC LATACUNGA LTDA,c. 61 - 90 DIAS,6.684899704863319,
224007,2025-09,COOPERATIVA DE AHORRO Y CREDITO INDIGENA SAC LATACUNGA LTDA,d. 91 - 120 DIAS,7.97729575256514,
224008,2025-09,COOPERATIVA DE AHORRO Y CREDITO INDIGENA SAC LATACUNGA LTDA,e. 121 - 180 DIAS,8.02036578241882,
224009,2025-09,COOPERATIVA DE AHORRO Y CREDITO INDIGENA SAC LATACUNGA LTDA,f. 181 - 360 DIAS,9.060747745128669,
224010,2025-09,COOPERATIVA DE AHORRO Y CREDITO INDIGENA SAC LATACUNGA LTDA,g. MAS DE 360 DIAS,10.087729331166434,
224011,2025-09,COOPERATIVA DE AHORRO Y CREDITO INDIGENA SAC LTDA,a. MENOS DE 30 DIAS,1.0,BBB-
224012,2025-09,COOPERATIVA DE AHORRO Y CREDITO INDIGENA SAC LTDA,b. 30 - 60 DIAS,4.363999360762151,BBB-
224013,2025-09,COOPERATIVA DE AHORRO Y CREDITO INDIGENA SAC LTDA,c. 61 - 90 DIAS,5.016877843549501,BBB-
224014,2025-09,COOPERATIVA DE AHORRO Y CREDITO INDIGENA SAC LTDA,d. 91 - 120 DIAS,5.424257946113803,BBB-
224015,2025-09,COOPERATIVA DE AHORRO Y CREDITO INDIGENA SAC LTDA,e. 121 - 180 DIAS,6.234140994812449,BBB-
224016,2025-09,COOPERATIVA DE AHORRO Y CREDITO INDIGENA SAC LTDA,f. 181 - 360 DIAS,7.423128444466537,BBB-
224017,2025-09,COOPERATIVA DE AHORRO Y CREDITO INDIGENA SAC LTDA,g. MAS DE 360 DIAS,8.36046190898885,BBB-
224018,2025-09,COOPERATIVA DE AHORRO Y CREDITO INDIGENA SAC PILLARO LTDA,a. MENOS DE 30 DIAS,1.0,
224019,2025-09,COOPERATIVA DE AHORRO Y CREDITO INDIGENA SAC PILLARO LTDA,b. 30 - 60 DIAS,9.79972113208791,
224020,2025-09,COOPERATIVA DE AHORRO Y CREDITO INDIGENA SAC PILLARO LTDA,c. 61 - 90 DIAS,8.85359018239072,
224021,2025-09,COOPERATIVA DE AHORRO Y CREDITO INDIGENA SAC PILLARO LTDA,d. 91 - 120 DIAS,10.440754420268501,
224022,2025-09,COOPERATIVA DE AHORRO Y CREDITO INDIGENA SAC PILLARO LTDA,e. 121 - 180 DIAS,9.446305273021375,
224023,2025-09,COOPERATIVA DE AHORRO Y CREDITO INDIGENA SAC PILLARO LTDA,f. 181 - 360 DIAS,10.6786393679636,
224024,2025-09,COOPERATIVA DE AHORRO Y CREDITO INDIGENA SAC PILLARO LTDA,g. MAS DE 360 DIAS,10.836062200610101,
224025,2025-09,COOPERATIVA DE AHORRO Y CREDITO INDIGENAS GALAPAGOS LTDA,a. MENOS DE 30 DIAS,0.955161002759912,
224026,2025-09,COOPERATIVA DE AHORRO Y CREDITO INDIGENAS GALAPAGOS LTDA,d. 91 - 120 DIAS,8.519086936458592,
224027,2025-09,COOPERATIVA DE AHORRO Y CREDITO INDIGENAS GALAPAGOS LTDA,e. 121 - 180 DIAS,8.401875920510097,
224028,2025-09,COOPERATIVA DE AHORRO Y CREDITO INDIGENAS GALAPAGOS LTDA,f. 181 - 360 DIAS,8.93146497759059,
224029,2025-09,COOPERATIVA DE AHORRO Y CREDITO INDIGENAS GALAPAGOS LTDA,g. MAS DE 360 DIAS,11.388021891099928,
224030,2025-09,COOPERATIVA DE AHORRO Y CREDITO INNOVACION ANDINA LTDA,a. MENOS DE 30 DIAS,6.38,
224031,2025-09,COOPERATIVA DE AHORRO Y CREDITO INNOVACION ANDINA LTDA,b. 30 - 60 DIAS,6.638302411873839,
224032,2025-09,COOPERATIVA DE AHORRO Y CREDITO INNOVACION ANDINA LTDA,c. 61 - 90 DIAS,7.255,
224033,2025-09,COOPERATIVA DE AHORRO Y CREDITO INNOVACION ANDINA LTDA,d. 91 - 120 DIAS,9.851150246305444,
224034,2025-09,COOPERATIVA DE AHORRO Y CREDITO INNOVACION ANDINA LTDA,e. 121 - 180 DIAS,11.8657730560579,
224035,2025-09,COOPERATIVA DE AHORRO Y CREDITO INNOVACION ANDINA LTDA,f. 181 - 360 DIAS,11.529379509379499,
224036,2025-09,COOPERATIVA DE AHORRO Y CREDITO INNOVACION ANDINA LTDA,g. MAS DE 360 DIAS,12.13999481865285,
224037,2025-09,COOPERATIVA DE AHORRO Y CREDITO INTEGRACION DESARROLLO Y FUTURO LIMITADA,a. MENOS DE 30 DIAS,1.33605008693816,
224038,2025-09,COOPERATIVA DE AHORRO Y CREDITO INTEGRACION DESARROLLO Y FUTURO LIMITADA,f. 181 - 360 DIAS,8.50213532891929,
224039,2025-09,COOPERATIVA DE AHORRO Y CREDITO INTEGRACION DESARROLLO Y FUTURO LIMITADA,g. MAS DE 360 DIAS,9.59705681842298,
224040,2025-09,COOPERATIVA DE AHORRO Y CREDITO INTEGRACION SOLIDARIA LTDA,a. MENOS DE 30 DIAS,1.0,
224041,2025-09,COOPERATIVA DE AHORRO Y CREDITO INTEGRACION SOLIDARIA LTDA,b. 30 - 60 DIAS,8.098834672280326,
224042,2025-09,COOPERATIVA DE AHORRO Y CREDITO INTEGRACION SOLIDARIA LTDA,c. 61 - 90 DIAS,9.117777777777766,
224043,2025-09,COOPERATIVA DE AHORRO Y CREDITO INTEGRACION SOLIDARIA LTDA,d. 91 - 120 DIAS,10.474626651810912,
224044,2025-09,COOPERATIVA DE AHORRO Y CREDITO INTEGRACION SOLIDARIA LTDA,e. 121 - 180 DIAS,9.434248121419973,
224045,2025-09,COOPERATIVA DE AHORRO Y CREDITO INTEGRACION SOLIDARIA LTDA,f. 181 - 360 DIAS,11.099322959216652,
224046,2025-09,COOPERATIVA DE AHORRO Y CREDITO INTEGRACION SOLIDARIA LTDA,g. MAS DE 360 DIAS,12.69513911979225,
224047,2025-09,COOPERATIVA DE AHORRO Y CREDITO INTELIGENCIA DE NEGOCIOS LTDA,a. MENOS DE 30 DIAS,4.11921255951012,
224048,2025-09,COOPERATIVA DE AHORRO Y CREDITO INTELIGENCIA DE NEGOCIOS LTDA,b. 30 - 60 DIAS,6.10090381735534,
224049,2025-09,COOPERATIVA DE AHORRO Y CREDITO INTELIGENCIA DE NEGOCIOS LTDA,c. 61 - 90 DIAS,6.65945002977681,
224050,2025-09,COOPERATIVA DE AHORRO Y CREDITO INTELIGENCIA DE NEGOCIOS LTDA,d. 91 - 120 DIAS,7.8893830016724955,
224051,2025-09,COOPERATIVA DE AHORRO Y CREDITO INTELIGENCIA DE NEGOCIOS LTDA,e. 121 - 180 DIAS,8.05270213843918,
224052,2025-09,COOPERATIVA DE AHORRO Y CREDITO INTELIGENCIA DE NEGOCIOS LTDA,f. 181 - 360 DIAS,8.599464481667347,
224053,2025-09,COOPERATIVA DE AHORRO Y CREDITO INTELIGENCIA DE NEGOCIOS LTDA,g. MAS DE 360 DIAS,10.05734564096036,
224054,2025-09,COOPERATIVA DE AHORRO Y CREDITO INTERANDINA,a. MENOS DE 30 DIAS,1.08,
224055,2025-09,COOPERATIVA DE AHORRO Y CREDITO INTERANDINA,b. 30 - 60 DIAS,5.927602914360557,
224056,2025-09,COOPERATIVA DE AHORRO Y CREDITO INTERANDINA,c. 61 - 90 DIAS,5.971173992673992,
224057,2025-09,COOPERATIVA DE AHORRO Y CREDITO INTERANDINA,d. 91 - 120 DIAS,6.981961975041415,
224058,2025-09,COOPERATIVA DE AHORRO Y CREDITO INTERANDINA,e. 121 - 180 DIAS,6.311437445969117,
224059,2025-09,COOPERATIVA DE AHORRO Y CREDITO INTERANDINA,f. 181 - 360 DIAS,7.733613720949497,
224060,2025-09,COOPERATIVA DE AHORRO Y CREDITO INTERANDINA,g. MAS DE 360 DIAS,9.102173593552173,
224061,2025-09,COOPERATIVA DE AHORRO Y CREDITO INTICOOP LTDA,a. MENOS DE 30 DIAS,1.0,
224062,2025-09,COOPERATIVA DE AHORRO Y CREDITO INTICOOP LTDA,c. 61 - 90 DIAS,5.71,
224063,2025-09,COOPERATIVA DE AHORRO Y CREDITO INTICOOP LTDA,d. 91 - 120 DIAS,7.02,
224064,2025-09,COOPERATIVA DE AHORRO Y CREDITO INTICOOP LTDA,f. 181 - 360 DIAS,8.08,
224065,2025-09,COOPERATIVA DE AHORRO Y CREDITO INTICOOP LTDA,g. MAS DE 360 DIAS,9.17937616140165,
224066,2025-09,COOPERATIVA DE AHORRO Y CREDITO JADAN,a. MENOS DE 30 DIAS,4.0,
224067,2025-09,COOPERATIVA DE AHORRO Y CREDITO JADAN,d. 91 - 120 DIAS,8.04220472440945,
224068,2025-09,COOPERATIVA DE AHORRO Y CREDITO JADAN,f. 181 - 360 DIAS,8.70086063033424,
224069,2025-09,COOPERATIVA DE AHORRO Y CREDITO JADAN,g. MAS DE 360 DIAS,9.31155217882707,
224070,2025-09,COOPERATIVA DE AHORRO Y CREDITO JARDIN AZUAYO LIMITADA,a. MENOS DE 30 DIAS,3.57,AA+
224071,2025-09,COOPERATIVA DE AHORRO Y CREDITO JARDIN AZUAYO LIMITADA,b. 30 - 60 DIAS,5.100763551907472,AA+
224072,2025-09,COOPERATIVA DE AHORRO Y CREDITO JARDIN AZUAYO LIMITADA,c. 61 - 90 DIAS,5.450160025472829,AA+
224073,2025-09,COOPERATIVA DE AHORRO Y CREDITO JARDIN AZUAYO LIMITADA,d. 91 - 120 DIAS,5.5751321815685095,AA+
224074,2025-09,COOPERATIVA DE AHORRO Y CREDITO JARDIN AZUAYO LIMITADA,e. 121 - 180 DIAS,5.73336107340329,AA+
224075,2025-09,COOPERATIVA DE AHORRO Y CREDITO JARDIN AZUAYO LIMITADA,f. 181 - 360 DIAS,6.059810352046933,AA+
224076,2025-09,COOPERATIVA DE AHORRO Y CREDITO JARDIN AZUAYO LIMITADA,g. MAS DE 360 DIAS,7.0780495605774725,AA+
224077,2025-09,COOPERATIVA DE AHORRO Y CREDITO JASPE LTDA,a. MENOS DE 30 DIAS,0.4,
224078,2025-09,COOPERATIVA DE AHORRO Y CREDITO JASPE LTDA,c. 61 - 90 DIAS,8.33,
224079,2025-09,COOPERATIVA DE AHORRO Y CREDITO JASPE LTDA,d. 91 - 120 DIAS,11.3541202897964,
224080,2025-09,COOPERATIVA DE AHORRO Y CREDITO JASPE LTDA,e. 121 - 180 DIAS,8.87,
224081,2025-09,COOPERATIVA DE AHORRO Y CREDITO JASPE LTDA,f. 181 - 360 DIAS,10.296651731372856,
224082,2025-09,COOPERATIVA DE AHORRO Y CREDITO JASPE LTDA,g. MAS DE 360 DIAS,7.430453929079951,
224083,2025-09,COOPERATIVA DE AHORRO Y CREDITO JATUN RUNA LTDA,a. MENOS DE 30 DIAS,1.0,
224084,2025-09,COOPERATIVA DE AHORRO Y CREDITO JATUN RUNA LTDA,c. 61 - 90 DIAS,9.292070214605449,
224085,2025-09,COOPERATIVA DE AHORRO Y CREDITO JATUN RUNA LTDA,e. 121 - 180 DIAS,11.8641304347826,
224086,2025-09,COOPERATIVA DE AHORRO Y CREDITO JATUN RUNA LTDA,f. 181 - 360 DIAS,11.2,
224087,2025-09,COOPERATIVA DE AHORRO Y CREDITO JATUN RUNA LTDA,g. MAS DE 360 DIAS,11.287843566251901,
224088,2025-09,COOPERATIVA DE AHORRO Y CREDITO JESUS DE NAZARETH LTDA,a. MENOS DE 30 DIAS,2.0,
224089,2025-09,COOPERATIVA DE AHORRO Y CREDITO JESUS DE NAZARETH LTDA,c. 61 - 90 DIAS,6.49175395853605,
224090,2025-09,COOPERATIVA DE AHORRO Y CREDITO JESUS DE NAZARETH LTDA,e. 121 - 180 DIAS,8.7693655763409,
224091,2025-09,COOPERATIVA DE AHORRO Y CREDITO JESUS DE NAZARETH LTDA,f. 181 - 360 DIAS,7.0,
224092,2025-09,COOPERATIVA DE AHORRO Y CREDITO JESUS DE NAZARETH LTDA,g. MAS DE 360 DIAS,8.25221182164791,
224093,2025-09,COOPERATIVA DE AHORRO Y CREDITO JUAN PIO DE MORA LTDA,a. MENOS DE 30 DIAS,0.682904413596299,
224094,2025-09,COOPERATIVA DE AHORRO Y CREDITO JUAN PIO DE MORA LTDA,b. 30 - 60 DIAS,5.827725557419361,
224095,2025-09,COOPERATIVA DE AHORRO Y CREDITO JUAN PIO DE MORA LTDA,c. 61 - 90 DIAS,5.998944634562232,
224096,2025-09,COOPERATIVA DE AHORRO Y CREDITO JUAN PIO DE MORA LTDA,d. 91 - 120 DIAS,7.442659472257359,
224097,2025-09,COOPERATIVA DE AHORRO Y CREDITO JUAN PIO DE MORA LTDA,e. 121 - 180 DIAS,7.110990004649471,
224098,2025-09,COOPERATIVA DE AHORRO Y CREDITO JUAN PIO DE MORA LTDA,f. 181 - 360 DIAS,8.045350842124105,
224099,2025-09,COOPERATIVA DE AHORRO Y CREDITO JUAN PIO DE MORA LTDA,g. MAS DE 360 DIAS,10.141227583153578,
224100,2025-09,COOPERATIVA DE AHORRO Y CREDITO JUVENTUD ECUATORIANA PROGRESISTA LIMITADA,a. MENOS DE 30 DIAS,1.26987877533493,AA
224101,2025-09,COOPERATIVA DE AHORRO Y CREDITO JUVENTUD ECUATORIANA PROGRESISTA LIMITADA,b. 30 - 60 DIAS,5.1525758077229415,AA
224102,2025-09,COOPERATIVA DE AHORRO Y CREDITO JUVENTUD ECUATORIANA PROGRESISTA LIMITADA,c. 61 - 90 DIAS,5.468452492455149,AA
224103,2025-09,COOPERATIVA DE AHORRO Y CREDITO JUVENTUD ECUATORIANA PROGRESISTA LIMITADA,d. 91 - 120 DIAS,5.652576590430858,AA
224104,2025-09,COOPERATIVA DE AHORRO Y CREDITO JUVENTUD ECUATORIANA PROGRESISTA LIMITADA,e. 121 - 180 DIAS,5.710449364225956,AA
224105,2025-09,COOPERATIVA DE AHORRO Y CREDITO JUVENTUD ECUATORIANA PROGRESISTA LIMITADA,f. 181 - 360 DIAS,5.984801642239383,AA
224106,2025-09,COOPERATIVA DE AHORRO Y CREDITO JUVENTUD ECUATORIANA PROGRESISTA LIMITADA,g. MAS DE 360 DIAS,7.289802905562847,AA
224107,2025-09,COOPERATIVA DE AHORRO Y CREDITO JUVENTUD UNIDA LTDA,a. MENOS DE 30 DIAS,2.62452197805755,
224108,2025-09,COOPERATIVA DE AHORRO Y CREDITO JUVENTUD UNIDA LTDA,b. 30 - 60 DIAS,7.21,
224109,2025-09,COOPERATIVA DE AHORRO Y CREDITO JUVENTUD UNIDA LTDA,c. 61 - 90 DIAS,5.635,
224110,2025-09,COOPERATIVA DE AHORRO Y CREDITO JUVENTUD UNIDA LTDA,d. 91 - 120 DIAS,9.791779828411167,
224111,2025-09,COOPERATIVA DE AHORRO Y CREDITO JUVENTUD UNIDA LTDA,e. 121 - 180 DIAS,6.89850761524914,
224112,2025-09,COOPERATIVA DE AHORRO Y CREDITO JUVENTUD UNIDA LTDA,f. 181 - 360 DIAS,10.731468126713244,
224113,2025-09,COOPERATIVA DE AHORRO Y CREDITO JUVENTUD UNIDA LTDA,g. MAS DE 360 DIAS,11.2189539154948,
224114,2025-09,COOPERATIVA DE AHORRO Y CREDITO KISAPINCHA LTDA,a. MENOS DE 30 DIAS,0.25,
224115,2025-09,COOPERATIVA DE AHORRO Y CREDITO KISAPINCHA LTDA,b. 30 - 60 DIAS,5.45073975408678,
224116,2025-09,COOPERATIVA DE AHORRO Y CREDITO KISAPINCHA LTDA,c. 61 - 90 DIAS,6.412267208534668,
224117,2025-09,COOPERATIVA DE AHORRO Y CREDITO KISAPINCHA LTDA,d. 91 - 120 DIAS,6.5640917159927765,
224118,2025-09,COOPERATIVA DE AHORRO Y CREDITO KISAPINCHA LTDA,e. 121 - 180 DIAS,6.9792912791697725,
224119,2025-09,COOPERATIVA DE AHORRO Y CREDITO KISAPINCHA LTDA,f. 181 - 360 DIAS,9.53964894009098,
224120,2025-09,COOPERATIVA DE AHORRO Y CREDITO KISAPINCHA LTDA,g. MAS DE 360 DIAS,11.101677076064364,
224121,2025-09,COOPERATIVA DE AHORRO Y CREDITO KULLKI WASI LTDA,a. MENOS DE 30 DIAS,1.0,BBB-
224122,2025-09,COOPERATIVA DE AHORRO Y CREDITO KULLKI WASI LTDA,b. 30 - 60 DIAS,3.0,BBB-
224123,2025-09,COOPERATIVA DE AHORRO Y CREDITO KULLKI WASI LTDA,c. 61 - 90 DIAS,5.617909293485875,BBB-
224124,2025-09,COOPERATIVA DE AHORRO Y CREDITO KULLKI WASI LTDA,d. 91 - 120 DIAS,5.832154307160213,BBB-
224125,2025-09,COOPERATIVA DE AHORRO Y CREDITO KULLKI WASI LTDA,e. 121 - 180 DIAS,6.015907901682312,BBB-
224126,2025-09,COOPERATIVA DE AHORRO Y CREDITO KULLKI WASI LTDA,f. 181 - 360 DIAS,6.401699844050476,BBB-
224127,2025-09,COOPERATIVA DE AHORRO Y CREDITO KULLKI WASI LTDA,g. MAS DE 360 DIAS,7.158673532342249,BBB-
224128,2025-09,COOPERATIVA DE AHORRO Y CREDITO LA BENEFICA LTDA,a. MENOS DE 30 DIAS,0.73,
224129,2025-09,COOPERATIVA DE AHORRO Y CREDITO LA BENEFICA LTDA,b. 30 - 60 DIAS,5.14279485898916,
224130,2025-09,COOPERATIVA DE AHORRO Y CREDITO LA BENEFICA LTDA,c. 61 - 90 DIAS,5.11275267190986,
224131,2025-09,COOPERATIVA DE AHORRO Y CREDITO LA BENEFICA LTDA,d. 91 - 120 DIAS,5.355173076737804,
224132,2025-09,COOPERATIVA DE AHORRO Y CREDITO LA BENEFICA LTDA,e. 121 - 180 DIAS,6.097432461345747,
224133,2025-09,COOPERATIVA DE AHORRO Y CREDITO LA BENEFICA LTDA,f. 181 - 360 DIAS,6.845634873638465,
224134,2025-09,COOPERATIVA DE AHORRO Y CREDITO LA BENEFICA LTDA,g. MAS DE 360 DIAS,8.455879271225326,
224135,2025-09,COOPERATIVA DE AHORRO Y CREDITO LA CANDELARIA LTDA,a. MENOS DE 30 DIAS,1.45,
224136,2025-09,COOPERATIVA DE AHORRO Y CREDITO LA CANDELARIA LTDA,d. 91 - 120 DIAS,5.26,
224137,2025-09,COOPERATIVA DE AHORRO Y CREDITO LA CANDELARIA LTDA,e. 121 - 180 DIAS,4.93626297577855,
224138,2025-09,COOPERATIVA DE AHORRO Y CREDITO LA CANDELARIA LTDA,f. 181 - 360 DIAS,6.39974510643933,
224139,2025-09,COOPERATIVA DE AHORRO Y CREDITO LA CANDELARIA LTDA,g. MAS DE 360 DIAS,8.96119284183459,
224140,2025-09,COOPERATIVA DE AHORRO Y CREDITO LA DOLOROSA LTDA,a. MENOS DE 30 DIAS,0.35161431554679,
224141,2025-09,COOPERATIVA DE AHORRO Y CREDITO LA DOLOROSA LTDA,b. 30 - 60 DIAS,3.82886081560042,
224142,2025-09,COOPERATIVA DE AHORRO Y CREDITO LA DOLOROSA LTDA,c. 61 - 90 DIAS,2.53,
224143,2025-09,COOPERATIVA DE AHORRO Y CREDITO LA DOLOROSA LTDA,d. 91 - 120 DIAS,4.625865701983775,
224144,2025-09,COOPERATIVA DE AHORRO Y CREDITO LA DOLOROSA LTDA,e. 121 - 180 DIAS,4.87888713484777,
224145,2025-09,COOPERATIVA DE AHORRO Y CREDITO LA DOLOROSA LTDA,f. 181 - 360 DIAS,6.2219794933073445,
224146,2025-09,COOPERATIVA DE AHORRO Y CREDITO LA DOLOROSA LTDA,g. MAS DE 360 DIAS,6.95579374732314,
224147,2025-09,COOPERATIVA DE AHORRO Y CREDITO LA FLORESTA LTDA,a. MENOS DE 30 DIAS,2.4576313727509,
224148,2025-09,COOPERATIVA DE AHORRO Y CREDITO LA FLORESTA LTDA,b. 30 - 60 DIAS,5.996184510443806,
224149,2025-09,COOPERATIVA DE AHORRO Y CREDITO LA FLORESTA LTDA,d. 91 - 120 DIAS,6.803283149971049,
224150,2025-09,COOPERATIVA DE AHORRO Y CREDITO LA FLORESTA LTDA,e. 121 - 180 DIAS,6.808210282485035,
224151,2025-09,COOPERATIVA DE AHORRO Y CREDITO LA FLORESTA LTDA,f. 181 - 360 DIAS,8.493262610442715,
224152,2025-09,COOPERATIVA DE AHORRO Y CREDITO LA FLORESTA LTDA,g. MAS DE 360 DIAS,9.358981338131834,
224153,2025-09,COOPERATIVA DE AHORRO Y CREDITO LA INMACULADA DE SAN PLACIDO LTDA,a. MENOS DE 30 DIAS,1.0,
224154,2025-09,COOPERATIVA DE AHORRO Y CREDITO LA INMACULADA DE SAN PLACIDO LTDA,b. 30 - 60 DIAS,5.13,
224155,2025-09,COOPERATIVA DE AHORRO Y CREDITO LA INMACULADA DE SAN PLACIDO LTDA,d. 91 - 120 DIAS,5.41733333333333,
224156,2025-09,COOPERATIVA DE AHORRO Y CREDITO LA INMACULADA DE SAN PLACIDO LTDA,e. 121 - 180 DIAS,5.39,
224157,2025-09,COOPERATIVA DE AHORRO Y CREDITO LA INMACULADA DE SAN PLACIDO LTDA,f. 181 - 360 DIAS,6.62815588030619,
224158,2025-09,COOPERATIVA DE AHORRO Y CREDITO LA INMACULADA DE SAN PLACIDO LTDA,g. MAS DE 360 DIAS,8.3,
224159,2025-09,COOPERATIVA DE AHORRO Y CREDITO LA MANA,a. MENOS DE 30 DIAS,2.0,
224160,2025-09,COOPERATIVA DE AHORRO Y CREDITO LA MANA,c. 61 - 90 DIAS,6.14,
224161,2025-09,COOPERATIVA DE AHORRO Y CREDITO LA MANA,d. 91 - 120 DIAS,7.19,
224162,2025-09,COOPERATIVA DE AHORRO Y CREDITO LA MANA,e. 121 - 180 DIAS,8.21252988047809,
224163,2025-09,COOPERATIVA DE AHORRO Y CREDITO LA MANA,f. 181 - 360 DIAS,9.315,
224164,2025-09,COOPERATIVA DE AHORRO Y CREDITO LA MANA,g. MAS DE 360 DIAS,10.07936491669715,
224165,2025-09,COOPERATIVA DE AHORRO Y CREDITO LA MERCED LIMITADA,a. MENOS DE 30 DIAS,2.0,BBB-
224166,2025-09,COOPERATIVA DE AHORRO Y CREDITO LA MERCED LIMITADA,b. 30 - 60 DIAS,4.499988537430588,BBB-
224167,2025-09,COOPERATIVA DE AHORRO Y CREDITO LA MERCED LIMITADA,c. 61 - 90 DIAS,4.3749055706562014,BBB-
224168,2025-09,COOPERATIVA DE AHORRO Y CREDITO LA MERCED LIMITADA,d. 91 - 120 DIAS,5.499928598784492,BBB-
224169,2025-09,COOPERATIVA DE AHORRO Y CREDITO LA MERCED LIMITADA,e. 121 - 180 DIAS,5.4996051828327,BBB-
224170,2025-09,COOPERATIVA DE AHORRO Y CREDITO LA MERCED LIMITADA,f. 181 - 360 DIAS,6.935519423983444,BBB-
224171,2025-09,COOPERATIVA DE AHORRO Y CREDITO LA MERCED LIMITADA,g. MAS DE 360 DIAS,7.99224421810491,BBB-
224172,2025-09,COOPERATIVA DE AHORRO Y CREDITO LA MERCED LTDA-AMBATO,a. MENOS DE 30 DIAS,1.5,
224173,2025-09,COOPERATIVA DE AHORRO Y CREDITO LA MERCED LTDA-AMBATO,b. 30 - 60 DIAS,7.75,
224174,2025-09,COOPERATIVA DE AHORRO Y CREDITO LA MERCED LTDA-AMBATO,d. 91 - 120 DIAS,7.0,
224175,2025-09,COOPERATIVA DE AHORRO Y CREDITO LA MERCED LTDA-AMBATO,f. 181 - 360 DIAS,8.53117080587937,
224176,2025-09,COOPERATIVA DE AHORRO Y CREDITO LA MERCED LTDA-AMBATO,g. MAS DE 360 DIAS,9.89072196116074,
224177,2025-09,COOPERATIVA DE AHORRO Y CREDITO LA NUESTRA LTDA,a. MENOS DE 30 DIAS,1.0,
224178,2025-09,COOPERATIVA DE AHORRO Y CREDITO LA NUESTRA LTDA,d. 91 - 120 DIAS,7.0,
224179,2025-09,COOPERATIVA DE AHORRO Y CREDITO LA NUESTRA LTDA,g. MAS DE 360 DIAS,9.75,
224180,2025-09,COOPERATIVA DE AHORRO Y CREDITO LA NUEVA JERUSALEN,a. MENOS DE 30 DIAS,0.5,
224181,2025-09,COOPERATIVA DE AHORRO Y CREDITO LA NUEVA JERUSALEN,b. 30 - 60 DIAS,6.96,
224182,2025-09,COOPERATIVA DE AHORRO Y CREDITO LA NUEVA JERUSALEN,c. 61 - 90 DIAS,6.66,
224183,2025-09,COOPERATIVA DE AHORRO Y CREDITO LA NUEVA JERUSALEN,d. 91 - 120 DIAS,6.80891698540421,
224184,2025-09,COOPERATIVA DE AHORRO Y CREDITO LA NUEVA JERUSALEN,e. 121 - 180 DIAS,6.61,
224185,2025-09,COOPERATIVA DE AHORRO Y CREDITO LA NUEVA JERUSALEN,f. 181 - 360 DIAS,7.15540502566571,
224186,2025-09,COOPERATIVA DE AHORRO Y CREDITO LA NUEVA JERUSALEN,g. MAS DE 360 DIAS,9.12614338075393,
224187,2025-09,COOPERATIVA DE AHORRO Y CREDITO LA UNION LTDA,a. MENOS DE 30 DIAS,0.5,
224188,2025-09,COOPERATIVA DE AHORRO Y CREDITO LA UNION LTDA,b. 30 - 60 DIAS,4.59,
224189,2025-09,COOPERATIVA DE AHORRO Y CREDITO LA UNION LTDA,g. MAS DE 360 DIAS,9.0,
224190,2025-09,COOPERATIVA DE AHORRO Y CREDITO LAS LAGUNAS,a. MENOS DE 30 DIAS,1.14,
224191,2025-09,COOPERATIVA DE AHORRO Y CREDITO LAS LAGUNAS,c. 61 - 90 DIAS,5.56273586620614,
224192,2025-09,COOPERATIVA DE AHORRO Y CREDITO LAS LAGUNAS,d. 91 - 120 DIAS,6.0,
224193,2025-09,COOPERATIVA DE AHORRO Y CREDITO LAS LAGUNAS,e. 121 - 180 DIAS,6.0,
224194,2025-09,COOPERATIVA DE AHORRO Y CREDITO LAS LAGUNAS,f. 181 - 360 DIAS,8.14790280330461,
224195,2025-09,COOPERATIVA DE AHORRO Y CREDITO LAS LAGUNAS,g. MAS DE 360 DIAS,8.323407960743939,
224196,2025-09,COOPERATIVA DE AHORRO Y CREDITO LAS NAVES LTDA,a. MENOS DE 30 DIAS,1.0,
224197,2025-09,COOPERATIVA DE AHORRO Y CREDITO LAS NAVES LTDA,b. 30 - 60 DIAS,4.28,
224198,2025-09,COOPERATIVA DE AHORRO Y CREDITO LAS NAVES LTDA,c. 61 - 90 DIAS,4.75391395175018,
224199,2025-09,COOPERATIVA DE AHORRO Y CREDITO LAS NAVES LTDA,d. 91 - 120 DIAS,5.5808754276189,
224200,2025-09,COOPERATIVA DE AHORRO Y CREDITO LAS NAVES LTDA,e. 121 - 180 DIAS,5.85140070921986,
224201,2025-09,COOPERATIVA DE AHORRO Y CREDITO LAS NAVES LTDA,f. 181 - 360 DIAS,7.3699456131239325,
224202,2025-09,COOPERATIVA DE AHORRO Y CREDITO LAS NAVES LTDA,g. MAS DE 360 DIAS,8.611582622489735,
224203,2025-09,COOPERATIVA DE AHORRO Y CREDITO LIDERES DEL PROGRESO,a. MENOS DE 30 DIAS,0.02,
224204,2025-09,COOPERATIVA DE AHORRO Y CREDITO LIDERES DEL PROGRESO,b. 30 - 60 DIAS,5.81599401028405,
224205,2025-09,COOPERATIVA DE AHORRO Y CREDITO LIDERES DEL PROGRESO,c. 61 - 90 DIAS,9.113992356410867,
224206,2025-09,COOPERATIVA DE AHORRO Y CREDITO LIDERES DEL PROGRESO,d. 91 - 120 DIAS,10.463773349937734,
224207,2025-09,COOPERATIVA DE AHORRO Y CREDITO LIDERES DEL PROGRESO,e. 121 - 180 DIAS,10.3352442987018,
224208,2025-09,COOPERATIVA DE AHORRO Y CREDITO LIDERES DEL PROGRESO,f. 181 - 360 DIAS,11.0102229141257,
224209,2025-09,COOPERATIVA DE AHORRO Y CREDITO LIDERES DEL PROGRESO,g. MAS DE 360 DIAS,11.887028578863132,
224210,2025-09,COOPERATIVA DE AHORRO Y CREDITO LLACTA PURA,a. MENOS DE 30 DIAS,0.35,
224211,2025-09,COOPERATIVA DE AHORRO Y CREDITO LLACTA PURA,b. 30 - 60 DIAS,5.640000000000001,
224212,2025-09,COOPERATIVA DE AHORRO Y CREDITO LLACTA PURA,d. 91 - 120 DIAS,4.98,
224213,2025-09,COOPERATIVA DE AHORRO Y CREDITO LLACTA PURA,f. 181 - 360 DIAS,4.075,
224214,2025-09,COOPERATIVA DE AHORRO Y CREDITO LLACTA PURA,g. MAS DE 360 DIAS,9.0,
224215,2025-09,COOPERATIVA DE AHORRO Y CREDITO LOS ANDES LATINOS LTDA,a. MENOS DE 30 DIAS,0.84,
224216,2025-09,COOPERATIVA DE AHORRO Y CREDITO LOS ANDES LATINOS LTDA,b. 30 - 60 DIAS,3.2171743937154567,
224217,2025-09,COOPERATIVA DE AHORRO Y CREDITO LOS ANDES LATINOS LTDA,c. 61 - 90 DIAS,6.26033567040759,
224218,2025-09,COOPERATIVA DE AHORRO Y CREDITO LOS ANDES LATINOS LTDA,d. 91 - 120 DIAS,6.286918744215398,
224219,2025-09,COOPERATIVA DE AHORRO Y CREDITO LOS ANDES LATINOS LTDA,e. 121 - 180 DIAS,7.3757841610461305,
224220,2025-09,COOPERATIVA DE AHORRO Y CREDITO LOS ANDES LATINOS LTDA,f. 181 - 360 DIAS,7.877198175347894,
224221,2025-09,COOPERATIVA DE AHORRO Y CREDITO LOS ANDES LATINOS LTDA,g. MAS DE 360 DIAS,8.784303352409115,
224222,2025-09,COOPERATIVA DE AHORRO Y CREDITO LUCHA CAMPESINA,a. MENOS DE 30 DIAS,3.0259532138558,A-
224223,2025-09,COOPERATIVA DE AHORRO Y CREDITO LUCHA CAMPESINA,b. 30 - 60 DIAS,4.675602574822293,A-
224224,2025-09,COOPERATIVA DE AHORRO Y CREDITO LUCHA CAMPESINA,c. 61 - 90 DIAS,5.035037065801286,A-
224225,2025-09,COOPERATIVA DE AHORRO Y CREDITO LUCHA CAMPESINA,d. 91 - 120 DIAS,5.402363934575933,A-
224226,2025-09,COOPERATIVA DE AHORRO Y CREDITO LUCHA CAMPESINA,e. 121 - 180 DIAS,5.553945225461724,A-
224227,2025-09,COOPERATIVA DE AHORRO Y CREDITO LUCHA CAMPESINA,f. 181 - 360 DIAS,6.3580401327037634,A-
224228,2025-09,COOPERATIVA DE AHORRO Y CREDITO LUCHA CAMPESINA,g. MAS DE 360 DIAS,8.455533497752803,A-
224229,2025-09,COOPERATIVA DE AHORRO Y CREDITO LUZ DEL VALLE,a. MENOS DE 30 DIAS,0.536159221673452,BB
224230,2025-09,COOPERATIVA DE AHORRO Y CREDITO LUZ DEL VALLE,b. 30 - 60 DIAS,6.429796553437135,BB
224231,2025-09,COOPERATIVA DE AHORRO Y CREDITO LUZ DEL VALLE,c. 61 - 90 DIAS,5.310954478756635,BB
224232,2025-09,COOPERATIVA DE AHORRO Y CREDITO LUZ DEL VALLE,d. 91 - 120 DIAS,6.685449641168545,BB
224233,2025-09,COOPERATIVA DE AHORRO Y CREDITO LUZ DEL VALLE,e. 121 - 180 DIAS,7.60741510677275,BB
224234,2025-09,COOPERATIVA DE AHORRO Y CREDITO LUZ DEL VALLE,f. 181 - 360 DIAS,8.96685915087928,BB
224235,2025-09,COOPERATIVA DE AHORRO Y CREDITO LUZ DEL VALLE,g. MAS DE 360 DIAS,10.2154107276884,BB
224236,2025-09,COOPERATIVA DE AHORRO Y CREDITO MAGISTERIO MANABITA LIMITADA,a. MENOS DE 30 DIAS,1.0,
224237,2025-09,COOPERATIVA DE AHORRO Y CREDITO MAGISTERIO MANABITA LIMITADA,c. 61 - 90 DIAS,10.38,
224238,2025-09,COOPERATIVA DE AHORRO Y CREDITO MAGISTERIO MANABITA LIMITADA,e. 121 - 180 DIAS,9.2,
224239,2025-09,COOPERATIVA DE AHORRO Y CREDITO MAGISTERIO MANABITA LIMITADA,g. MAS DE 360 DIAS,10.0,
224240,2025-09,COOPERATIVA DE AHORRO Y CREDITO MANANTIAL DE ORO LTDA,a. MENOS DE 30 DIAS,0.92,
224241,2025-09,COOPERATIVA DE AHORRO Y CREDITO MANANTIAL DE ORO LTDA,b. 30 - 60 DIAS,6.984231802695677,
224242,2025-09,COOPERATIVA DE AHORRO Y CREDITO MANANTIAL DE ORO LTDA,c. 61 - 90 DIAS,6.271350974923825,
224243,2025-09,COOPERATIVA DE AHORRO Y CREDITO MANANTIAL DE ORO LTDA,d. 91 - 120 DIAS,7.4221843836661705,
224244,2025-09,COOPERATIVA DE AHORRO Y CREDITO MANANTIAL DE ORO LTDA,e. 121 - 180 DIAS,7.327613334625916,
224245,2025-09,COOPERATIVA DE AHORRO Y CREDITO MANANTIAL DE ORO LTDA,f. 181 - 360 DIAS,8.586964853551173,
224246,2025-09,COOPERATIVA DE AHORRO Y CREDITO MANANTIAL DE ORO LTDA,g. MAS DE 360 DIAS,9.341732548275253,
224247,2025-09,COOPERATIVA DE AHORRO Y CREDITO MAQUITA CUSHUN LTDA,a. MENOS DE 30 DIAS,2.06,
224248,2025-09,COOPERATIVA DE AHORRO Y CREDITO MAQUITA CUSHUN LTDA,b. 30 - 60 DIAS,2.5641805533737125,
224249,2025-09,COOPERATIVA DE AHORRO Y CREDITO MAQUITA CUSHUN LTDA,c. 61 - 90 DIAS,3.9936140873705326,
224250,2025-09,COOPERATIVA DE AHORRO Y CREDITO MAQUITA CUSHUN LTDA,d. 91 - 120 DIAS,5.483577646054995,
224251,2025-09,COOPERATIVA DE AHORRO Y CREDITO MAQUITA CUSHUN LTDA,e. 121 - 180 DIAS,6.616930830813163,
224252,2025-09,COOPERATIVA DE AHORRO Y CREDITO MAQUITA CUSHUN LTDA,f. 181 - 360 DIAS,7.777894777486632,
224253,2025-09,COOPERATIVA DE AHORRO Y CREDITO MAQUITA CUSHUN LTDA,g. MAS DE 360 DIAS,8.632358138980186,
224254,2025-09,COOPERATIVA DE AHORRO Y CREDITO MAQUITA CUSHUNCHIC LTDA,a. MENOS DE 30 DIAS,0.499090206938098,
224255,2025-09,COOPERATIVA DE AHORRO Y CREDITO MAQUITA CUSHUNCHIC LTDA,b. 30 - 60 DIAS,4.68669562126534,
224256,2025-09,COOPERATIVA DE AHORRO Y CREDITO MAQUITA CUSHUNCHIC LTDA,c. 61 - 90 DIAS,5.15997613257426,
224257,2025-09,COOPERATIVA DE AHORRO Y CREDITO MAQUITA CUSHUNCHIC LTDA,d. 91 - 120 DIAS,5.320591010459455,
224258,2025-09,COOPERATIVA DE AHORRO Y CREDITO MAQUITA CUSHUNCHIC LTDA,e. 121 - 180 DIAS,6.16691467093127,
224259,2025-09,COOPERATIVA DE AHORRO Y CREDITO MAQUITA CUSHUNCHIC LTDA,f. 181 - 360 DIAS,6.31912705918541,
224260,2025-09,COOPERATIVA DE AHORRO Y CREDITO MAQUITA CUSHUNCHIC LTDA,g. MAS DE 360 DIAS,7.315542773720285,
224261,2025-09,COOPERATIVA DE AHORRO Y CREDITO MARCABELI LTDA,a. MENOS DE 30 DIAS,2.97711321762839,
224262,2025-09,COOPERATIVA DE AHORRO Y CREDITO MARCABELI LTDA,b. 30 - 60 DIAS,4.145,
224263,2025-09,COOPERATIVA DE AHORRO Y CREDITO MARCABELI LTDA,c. 61 - 90 DIAS,6.16,
224264,2025-09,COOPERATIVA DE AHORRO Y CREDITO MARCABELI LTDA,d. 91 - 120 DIAS,6.784000000000001,
224265,2025-09,COOPERATIVA DE AHORRO Y CREDITO MARCABELI LTDA,e. 121 - 180 DIAS,7.1433333333333335,
224266,2025-09,COOPERATIVA DE AHORRO Y CREDITO MARCABELI LTDA,f. 181 - 360 DIAS,7.927711864037306,
224267,2025-09,COOPERATIVA DE AHORRO Y CREDITO MARCABELI LTDA,g. MAS DE 360 DIAS,9.458813948197438,
224268,2025-09,COOPERATIVA DE AHORRO Y CREDITO MERCADO CENTRAL,a. MENOS DE 30 DIAS,2.0,
224269,2025-09,COOPERATIVA DE AHORRO Y CREDITO MERCADO CENTRAL,c. 61 - 90 DIAS,7.51927937085104,
224270,2025-09,COOPERATIVA DE AHORRO Y CREDITO MERCADO CENTRAL,d. 91 - 120 DIAS,10.34,
224271,2025-09,COOPERATIVA DE AHORRO Y CREDITO MERCADO CENTRAL,e. 121 - 180 DIAS,6.61,
224272,2025-09,COOPERATIVA DE AHORRO Y CREDITO MERCADO CENTRAL,g. MAS DE 360 DIAS,10.0,
224273,2025-09,COOPERATIVA DE AHORRO Y CREDITO METEOROLOGIA DAC LTDA,a. MENOS DE 30 DIAS,1.0,
224274,2025-09,COOPERATIVA DE AHORRO Y CREDITO METROPOLIS LTDA,a. MENOS DE 30 DIAS,0.5,
224275,2025-09,COOPERATIVA DE AHORRO Y CREDITO METROPOLIS LTDA,b. 30 - 60 DIAS,6.437818668823563,
224276,2025-09,COOPERATIVA DE AHORRO Y CREDITO METROPOLIS LTDA,d. 91 - 120 DIAS,7.705,
224277,2025-09,COOPERATIVA DE AHORRO Y CREDITO METROPOLIS LTDA,e. 121 - 180 DIAS,7.313144391408115,
224278,2025-09,COOPERATIVA DE AHORRO Y CREDITO METROPOLIS LTDA,f. 181 - 360 DIAS,8.237084044856076,
224279,2025-09,COOPERATIVA DE AHORRO Y CREDITO METROPOLIS LTDA,g. MAS DE 360 DIAS,6.802874775350868,
224280,2025-09,COOPERATIVA DE AHORRO Y CREDITO METROPOLITANA LTDA,a. MENOS DE 30 DIAS,0.909309036747423,
224281,2025-09,COOPERATIVA DE AHORRO Y CREDITO MI TIERRA LTDA,a. MENOS DE 30 DIAS,1.03,
224282,2025-09,COOPERATIVA DE AHORRO Y CREDITO MI TIERRA LTDA,c. 61 - 90 DIAS,3.391921423533015,
224283,2025-09,COOPERATIVA DE AHORRO Y CREDITO MI TIERRA LTDA,d. 91 - 120 DIAS,6.98916666666667,
224284,2025-09,COOPERATIVA DE AHORRO Y CREDITO MI TIERRA LTDA,e. 121 - 180 DIAS,6.54700918982342,
224285,2025-09,COOPERATIVA DE AHORRO Y CREDITO MI TIERRA LTDA,f. 181 - 360 DIAS,9.539021092353249,
224286,2025-09,COOPERATIVA DE AHORRO Y CREDITO MI TIERRA LTDA,g. MAS DE 360 DIAS,9.647139815644149,
224287,2025-09,COOPERATIVA DE AHORRO Y CREDITO MICROEMPRESARIAL SUCRE,a. MENOS DE 30 DIAS,1.0,
224288,2025-09,COOPERATIVA DE AHORRO Y CREDITO MICROEMPRESARIAL SUCRE,c. 61 - 90 DIAS,4.67968222078885,
224289,2025-09,COOPERATIVA DE AHORRO Y CREDITO MICROEMPRESARIAL SUCRE,d. 91 - 120 DIAS,4.598779105610095,
224290,2025-09,COOPERATIVA DE AHORRO Y CREDITO MICROEMPRESARIAL SUCRE,e. 121 - 180 DIAS,6.843664881654426,
224291,2025-09,COOPERATIVA DE AHORRO Y CREDITO MICROEMPRESARIAL SUCRE,f. 181 - 360 DIAS,7.7861844719354965,
224292,2025-09,COOPERATIVA DE AHORRO Y CREDITO MICROEMPRESARIAL SUCRE,g. MAS DE 360 DIAS,8.04748910611861,
224293,2025-09,COOPERATIVA DE AHORRO Y CREDITO MIGRANTES DEL ECUADOR LTDA,a. MENOS DE 30 DIAS,0.257151059316869,
224294,2025-09,COOPERATIVA DE AHORRO Y CREDITO MIGRANTES DEL ECUADOR LTDA,b. 30 - 60 DIAS,4.86125455354379,
224295,2025-09,COOPERATIVA DE AHORRO Y CREDITO MIGRANTES DEL ECUADOR LTDA,c. 61 - 90 DIAS,7.795463218996446,
224296,2025-09,COOPERATIVA DE AHORRO Y CREDITO MIGRANTES DEL ECUADOR LTDA,d. 91 - 120 DIAS,7.26187940342201,
224297,2025-09,COOPERATIVA DE AHORRO Y CREDITO MIGRANTES DEL ECUADOR LTDA,e. 121 - 180 DIAS,7.506238665215814,
224298,2025-09,COOPERATIVA DE AHORRO Y CREDITO MIGRANTES DEL ECUADOR LTDA,f. 181 - 360 DIAS,9.365214302872173,
224299,2025-09,COOPERATIVA DE AHORRO Y CREDITO MIGRANTES DEL ECUADOR LTDA,g. MAS DE 360 DIAS,10.480768198536232,
224300,2025-09,COOPERATIVA DE AHORRO Y CREDITO MINGA LTDA,a. MENOS DE 30 DIAS,2.13758367395704,
224301,2025-09,COOPERATIVA DE AHORRO Y CREDITO MINGA LTDA,b. 30 - 60 DIAS,6.9639166667704835,
224302,2025-09,COOPERATIVA DE AHORRO Y CREDITO MINGA LTDA,c. 61 - 90 DIAS,6.954178817351402,
224303,2025-09,COOPERATIVA DE AHORRO Y CREDITO MINGA LTDA,d. 91 - 120 DIAS,7.320434420953999,
224304,2025-09,COOPERATIVA DE AHORRO Y CREDITO MINGA LTDA,e. 121 - 180 DIAS,7.494710997030549,
224305,2025-09,COOPERATIVA DE AHORRO Y CREDITO MINGA LTDA,f. 181 - 360 DIAS,8.783858921054902,
224306,2025-09,COOPERATIVA DE AHORRO Y CREDITO MINGA LTDA,g. MAS DE 360 DIAS,9.746416342049319,
224307,2025-09,COOPERATIVA DE AHORRO Y CREDITO MISION DE INTEGRACION SERVICIO SOCIAL LTDA,c. 61 - 90 DIAS,7.5,
224308,2025-09,COOPERATIVA DE AHORRO Y CREDITO MISION DE INTEGRACION SERVICIO SOCIAL LTDA,d. 91 - 120 DIAS,7.90308748424973,
224309,2025-09,COOPERATIVA DE AHORRO Y CREDITO MISION DE INTEGRACION SERVICIO SOCIAL LTDA,f. 181 - 360 DIAS,8.0,
224310,2025-09,COOPERATIVA DE AHORRO Y CREDITO MISION DE INTEGRACION SERVICIO SOCIAL LTDA,g. MAS DE 360 DIAS,7.80769230769231,
224311,2025-09,COOPERATIVA DE AHORRO Y CREDITO MOCACHE LTDA,c. 61 - 90 DIAS,8.99,
224312,2025-09,COOPERATIVA DE AHORRO Y CREDITO MOCACHE LTDA,e. 121 - 180 DIAS,9.99,
224313,2025-09,COOPERATIVA DE AHORRO Y CREDITO MUJERES UNIDAS TANTANAKUSHKA WARMIKUNAPAC,a. MENOS DE 30 DIAS,3.0,
224314,2025-09,COOPERATIVA DE AHORRO Y CREDITO MUJERES UNIDAS TANTANAKUSHKA WARMIKUNAPAC,b. 30 - 60 DIAS,4.34397696969147,
224315,2025-09,COOPERATIVA DE AHORRO Y CREDITO MUJERES UNIDAS TANTANAKUSHKA WARMIKUNAPAC,c. 61 - 90 DIAS,4.4155545342899405,
224316,2025-09,COOPERATIVA DE AHORRO Y CREDITO MUJERES UNIDAS TANTANAKUSHKA WARMIKUNAPAC,d. 91 - 120 DIAS,5.60407174049963,
224317,2025-09,COOPERATIVA DE AHORRO Y CREDITO MUJERES UNIDAS TANTANAKUSHKA WARMIKUNAPAC,e. 121 - 180 DIAS,6.277420093027574,
224318,2025-09,COOPERATIVA DE AHORRO Y CREDITO MUJERES UNIDAS TANTANAKUSHKA WARMIKUNAPAC,f. 181 - 360 DIAS,7.321155726766692,
224319,2025-09,COOPERATIVA DE AHORRO Y CREDITO MUJERES UNIDAS TANTANAKUSHKA WARMIKUNAPAC,g. MAS DE 360 DIAS,9.59860690302267,
224320,2025-09,COOPERATIVA DE AHORRO Y CREDITO MULTIEMPRESARIAL,a. MENOS DE 30 DIAS,3.91,
224321,2025-09,COOPERATIVA DE AHORRO Y CREDITO MULTIEMPRESARIAL,b. 30 - 60 DIAS,4.15048490499286,
224322,2025-09,COOPERATIVA DE AHORRO Y CREDITO MULTIEMPRESARIAL,c. 61 - 90 DIAS,4.46284259602518,
224323,2025-09,COOPERATIVA DE AHORRO Y CREDITO MULTIEMPRESARIAL,d. 91 - 120 DIAS,5.73633570214692,
224324,2025-09,COOPERATIVA DE AHORRO Y CREDITO MULTIEMPRESARIAL,e. 121 - 180 DIAS,6.66842249265135,
224325,2025-09,COOPERATIVA DE AHORRO Y CREDITO MULTIEMPRESARIAL,f. 181 - 360 DIAS,7.34133886290617,
224326,2025-09,COOPERATIVA DE AHORRO Y CREDITO MULTIEMPRESARIAL,g. MAS DE 360 DIAS,8.21936630709683,
224327,2025-09,COOPERATIVA DE AHORRO Y CREDITO MUSHUC RUNA LTDA,a. MENOS DE 30 DIAS,0.968474735718773,A+
224328,2025-09,COOPERATIVA DE AHORRO Y CREDITO MUSHUC RUNA LTDA,b. 30 - 60 DIAS,5.283337764777459,A+
224329,2025-09,COOPERATIVA DE AHORRO Y CREDITO MUSHUC RUNA LTDA,c. 61 - 90 DIAS,5.6595735184807685,A+
224330,2025-09,COOPERATIVA DE AHORRO Y CREDITO MUSHUC RUNA LTDA,d. 91 - 120 DIAS,6.24499041409071,A+
224331,2025-09,COOPERATIVA DE AHORRO Y CREDITO MUSHUC RUNA LTDA,e. 121 - 180 DIAS,6.051695769036446,A+
224332,2025-09,COOPERATIVA DE AHORRO Y CREDITO MUSHUC RUNA LTDA,f. 181 - 360 DIAS,6.7654277976602035,A+
224333,2025-09,COOPERATIVA DE AHORRO Y CREDITO MUSHUC RUNA LTDA,g. MAS DE 360 DIAS,8.08918321415571,A+
224334,2025-09,COOPERATIVA DE AHORRO Y CREDITO MUSHUK KAWSAY LTDA,a. MENOS DE 30 DIAS,1.29821687585264,
224335,2025-09,COOPERATIVA DE AHORRO Y CREDITO MUSHUK KAWSAY LTDA,c. 61 - 90 DIAS,6.24,
224336,2025-09,COOPERATIVA DE AHORRO Y CREDITO MUSHUK KAWSAY LTDA,f. 181 - 360 DIAS,5.73793103448276,
224337,2025-09,COOPERATIVA DE AHORRO Y CREDITO MUSHUK KAWSAY LTDA,g. MAS DE 360 DIAS,7.59,
224338,2025-09,COOPERATIVA DE AHORRO Y CREDITO NACIONAL LLANO GRANDE LTDA,a. MENOS DE 30 DIAS,4.07002680339577,
224339,2025-09,COOPERATIVA DE AHORRO Y CREDITO NACIONAL LLANO GRANDE LTDA,d. 91 - 120 DIAS,5.13,
224340,2025-09,COOPERATIVA DE AHORRO Y CREDITO NACIONAL LLANO GRANDE LTDA,f. 181 - 360 DIAS,6.62711936097893,
224341,2025-09,COOPERATIVA DE AHORRO Y CREDITO NACIONAL LLANO GRANDE LTDA,g. MAS DE 360 DIAS,9.10503286051368,
224342,2025-09,COOPERATIVA DE AHORRO Y CREDITO NEGOCIOS ANDINOS LTDA,a. MENOS DE 30 DIAS,3.0,
224343,2025-09,COOPERATIVA DE AHORRO Y CREDITO NEGOCIOS ANDINOS LTDA,c. 61 - 90 DIAS,8.24,
224344,2025-09,COOPERATIVA DE AHORRO Y CREDITO NEGOCIOS ANDINOS LTDA,d. 91 - 120 DIAS,10.9927849813889,
224345,2025-09,COOPERATIVA DE AHORRO Y CREDITO NEGOCIOS ANDINOS LTDA,e. 121 - 180 DIAS,9.91193740685544,
224346,2025-09,COOPERATIVA DE AHORRO Y CREDITO NEGOCIOS ANDINOS LTDA,f. 181 - 360 DIAS,7.93418951850088,
224347,2025-09,COOPERATIVA DE AHORRO Y CREDITO NEGOCIOS ANDINOS LTDA,g. MAS DE 360 DIAS,8.282377136096008,
224348,2025-09,COOPERATIVA DE AHORRO Y CREDITO NIZAG LTDA,a. MENOS DE 30 DIAS,1.5,
224349,2025-09,COOPERATIVA DE AHORRO Y CREDITO NIZAG LTDA,b. 30 - 60 DIAS,5.0,
224350,2025-09,COOPERATIVA DE AHORRO Y CREDITO NIZAG LTDA,c. 61 - 90 DIAS,5.0,
224351,2025-09,COOPERATIVA DE AHORRO Y CREDITO NIZAG LTDA,d. 91 - 120 DIAS,7.174091741742022,
224352,2025-09,COOPERATIVA DE AHORRO Y CREDITO NIZAG LTDA,e. 121 - 180 DIAS,6.61363830213704,
224353,2025-09,COOPERATIVA DE AHORRO Y CREDITO NIZAG LTDA,f. 181 - 360 DIAS,7.540406227325792,
224354,2025-09,COOPERATIVA DE AHORRO Y CREDITO NIZAG LTDA,g. MAS DE 360 DIAS,10.09621273441717,
224355,2025-09,COOPERATIVA DE AHORRO Y CREDITO NUEVA ESPERANZA LTDA,a. MENOS DE 30 DIAS,2.0,
224356,2025-09,COOPERATIVA DE AHORRO Y CREDITO NUEVA ESPERANZA LTDA,b. 30 - 60 DIAS,5.262885760593235,
224357,2025-09,COOPERATIVA DE AHORRO Y CREDITO NUEVA ESPERANZA LTDA,c. 61 - 90 DIAS,5.90943591154914,
224358,2025-09,COOPERATIVA DE AHORRO Y CREDITO NUEVA ESPERANZA LTDA,d. 91 - 120 DIAS,6.587636931165025,
224359,2025-09,COOPERATIVA DE AHORRO Y CREDITO NUEVA ESPERANZA LTDA,e. 121 - 180 DIAS,6.79878685722856,
224360,2025-09,COOPERATIVA DE AHORRO Y CREDITO NUEVA ESPERANZA LTDA,f. 181 - 360 DIAS,8.028377476659873,
224361,2025-09,COOPERATIVA DE AHORRO Y CREDITO NUEVA ESPERANZA LTDA,g. MAS DE 360 DIAS,8.881268012547373,
224362,2025-09,COOPERATIVA DE AHORRO Y CREDITO OBRAS PUBLICAS FISCALES DE LOJA Y ZAMORA,a. MENOS DE 30 DIAS,1.0,
224363,2025-09,COOPERATIVA DE AHORRO Y CREDITO OBRAS PUBLICAS FISCALES DE LOJA Y ZAMORA,b. 30 - 60 DIAS,7.42764756528988,
224364,2025-09,COOPERATIVA DE AHORRO Y CREDITO OBRAS PUBLICAS FISCALES DE LOJA Y ZAMORA,c. 61 - 90 DIAS,6.62549019607843,
224365,2025-09,COOPERATIVA DE AHORRO Y CREDITO OBRAS PUBLICAS FISCALES DE LOJA Y ZAMORA,d. 91 - 120 DIAS,6.75472654516635,
224366,2025-09,COOPERATIVA DE AHORRO Y CREDITO OBRAS PUBLICAS FISCALES DE LOJA Y ZAMORA,e. 121 - 180 DIAS,8.48,
224367,2025-09,COOPERATIVA DE AHORRO Y CREDITO OBRAS PUBLICAS FISCALES DE LOJA Y ZAMORA,f. 181 - 360 DIAS,8.47046034276604,
224368,2025-09,COOPERATIVA DE AHORRO Y CREDITO OBRAS PUBLICAS FISCALES DE LOJA Y ZAMORA,g. MAS DE 360 DIAS,9.46850998463902,
224369,2025-09,COOPERATIVA DE AHORRO Y CREDITO OCCIDENTAL,a. MENOS DE 30 DIAS,1.0,
224370,2025-09,COOPERATIVA DE AHORRO Y CREDITO OCCIDENTAL,b. 30 - 60 DIAS,7.0,
224371,2025-09,COOPERATIVA DE AHORRO Y CREDITO OCCIDENTAL,c. 61 - 90 DIAS,7.0,
224372,2025-09,COOPERATIVA DE AHORRO Y CREDITO OCCIDENTAL,d. 91 - 120 DIAS,7.0206440957886045,
224373,2025-09,COOPERATIVA DE AHORRO Y CREDITO OCCIDENTAL,e. 121 - 180 DIAS,8.0,
224374,2025-09,COOPERATIVA DE AHORRO Y CREDITO OCCIDENTAL,f. 181 - 360 DIAS,9.069954318149689,
224375,2025-09,COOPERATIVA DE AHORRO Y CREDITO OCCIDENTAL,g. MAS DE 360 DIAS,10.99328986498085,
224376,2025-09,COOPERATIVA DE AHORRO Y CREDITO ONCE DE JUNIO LTDA,a. MENOS DE 30 DIAS,1.14,BBB-
224377,2025-09,COOPERATIVA DE AHORRO Y CREDITO ONCE DE JUNIO LTDA,b. 30 - 60 DIAS,4.820578548009711,BBB-
224378,2025-09,COOPERATIVA DE AHORRO Y CREDITO ONCE DE JUNIO LTDA,c. 61 - 90 DIAS,4.8061304523307165,BBB-
224379,2025-09,COOPERATIVA DE AHORRO Y CREDITO ONCE DE JUNIO LTDA,d. 91 - 120 DIAS,5.084387346663933,BBB-
224380,2025-09,COOPERATIVA DE AHORRO Y CREDITO ONCE DE JUNIO LTDA,e. 121 - 180 DIAS,5.073788796406154,BBB-
224381,2025-09,COOPERATIVA DE AHORRO Y CREDITO ONCE DE JUNIO LTDA,f. 181 - 360 DIAS,5.305196344293362,BBB-
224382,2025-09,COOPERATIVA DE AHORRO Y CREDITO ONCE DE JUNIO LTDA,g. MAS DE 360 DIAS,6.696037284782614,BBB-
224383,2025-09,"COOPERATIVA DE AHORRO Y CREDITO ORDEN Y SEGURIDAD ""OYS""",a. MENOS DE 30 DIAS,0.877420782183975,
224384,2025-09,"COOPERATIVA DE AHORRO Y CREDITO ORDEN Y SEGURIDAD ""OYS""",b. 30 - 60 DIAS,5.55099335437175,
224385,2025-09,"COOPERATIVA DE AHORRO Y CREDITO ORDEN Y SEGURIDAD ""OYS""",c. 61 - 90 DIAS,5.57,
224386,2025-09,"COOPERATIVA DE AHORRO Y CREDITO ORDEN Y SEGURIDAD ""OYS""",d. 91 - 120 DIAS,7.16533046161921,
224387,2025-09,"COOPERATIVA DE AHORRO Y CREDITO ORDEN Y SEGURIDAD ""OYS""",f. 181 - 360 DIAS,8.51488633102601,
224388,2025-09,"COOPERATIVA DE AHORRO Y CREDITO ORDEN Y SEGURIDAD ""OYS""",g. MAS DE 360 DIAS,8.86155733003297,
224389,2025-09,COOPERATIVA DE AHORRO Y CREDITO OSCUS LIMITADA,a. MENOS DE 30 DIAS,0.236488328709622,AA+
224390,2025-09,COOPERATIVA DE AHORRO Y CREDITO OSCUS LIMITADA,b. 30 - 60 DIAS,4.132281400193484,AA+
224391,2025-09,COOPERATIVA DE AHORRO Y CREDITO OSCUS LIMITADA,c. 61 - 90 DIAS,5.097323527146661,AA+
224392,2025-09,COOPERATIVA DE AHORRO Y CREDITO OSCUS LIMITADA,d. 91 - 120 DIAS,5.518901467394507,AA+
224393,2025-09,COOPERATIVA DE AHORRO Y CREDITO OSCUS LIMITADA,e. 121 - 180 DIAS,5.741834785962974,AA+
224394,2025-09,COOPERATIVA DE AHORRO Y CREDITO OSCUS LIMITADA,f. 181 - 360 DIAS,6.440187347049148,AA+
224395,2025-09,COOPERATIVA DE AHORRO Y CREDITO OSCUS LIMITADA,g. MAS DE 360 DIAS,7.666031867838741,AA+
224396,2025-09,COOPERATIVA DE AHORRO Y CREDITO PABLO MUÑOZ VEGA LIMITADA,a. MENOS DE 30 DIAS,2.1790031438866,A-
224397,2025-09,COOPERATIVA DE AHORRO Y CREDITO PABLO MUÑOZ VEGA LIMITADA,b. 30 - 60 DIAS,4.57138463626395,A-
224398,2025-09,COOPERATIVA DE AHORRO Y CREDITO PABLO MUÑOZ VEGA LIMITADA,c. 61 - 90 DIAS,6.025937955840579,A-
224399,2025-09,COOPERATIVA DE AHORRO Y CREDITO PABLO MUÑOZ VEGA LIMITADA,d. 91 - 120 DIAS,6.611359434287391,A-
224400,2025-09,COOPERATIVA DE AHORRO Y CREDITO PABLO MUÑOZ VEGA LIMITADA,e. 121 - 180 DIAS,7.503554081939688,A-
224401,2025-09,COOPERATIVA DE AHORRO Y CREDITO PABLO MUÑOZ VEGA LIMITADA,f. 181 - 360 DIAS,7.9975727226405695,A-
224402,2025-09,COOPERATIVA DE AHORRO Y CREDITO PABLO MUÑOZ VEGA LIMITADA,g. MAS DE 360 DIAS,8.630704994894298,A-
224403,2025-09,COOPERATIVA DE AHORRO Y CREDITO PADRE JULIAN LORENTE LTDA,a. MENOS DE 30 DIAS,3.0,A
224404,2025-09,COOPERATIVA DE AHORRO Y CREDITO PADRE JULIAN LORENTE LTDA,b. 30 - 60 DIAS,4.941018566374317,A
224405,2025-09,COOPERATIVA DE AHORRO Y CREDITO PADRE JULIAN LORENTE LTDA,c. 61 - 90 DIAS,5.531188298417724,A
224406,2025-09,COOPERATIVA DE AHORRO Y CREDITO PADRE JULIAN LORENTE LTDA,d. 91 - 120 DIAS,5.940849830891709,A
224407,2025-09,COOPERATIVA DE AHORRO Y CREDITO PADRE JULIAN LORENTE LTDA,e. 121 - 180 DIAS,6.215640034453614,A
224408,2025-09,COOPERATIVA DE AHORRO Y CREDITO PADRE JULIAN LORENTE LTDA,f. 181 - 360 DIAS,6.734784842080121,A
224409,2025-09,COOPERATIVA DE AHORRO Y CREDITO PADRE JULIAN LORENTE LTDA,g. MAS DE 360 DIAS,8.467126026311936,A
224410,2025-09,COOPERATIVA DE AHORRO Y CREDITO PADRE VICENTE PONCE RUBIO,a. MENOS DE 30 DIAS,4.86,
224411,2025-09,COOPERATIVA DE AHORRO Y CREDITO PADRE VICENTE PONCE RUBIO,b. 30 - 60 DIAS,6.7,
224412,2025-09,COOPERATIVA DE AHORRO Y CREDITO PADRE VICENTE PONCE RUBIO,c. 61 - 90 DIAS,7.34,
224413,2025-09,COOPERATIVA DE AHORRO Y CREDITO PADRE VICENTE PONCE RUBIO,d. 91 - 120 DIAS,8.38810132474104,
224414,2025-09,COOPERATIVA DE AHORRO Y CREDITO PADRE VICENTE PONCE RUBIO,e. 121 - 180 DIAS,8.57,
224415,2025-09,COOPERATIVA DE AHORRO Y CREDITO PADRE VICENTE PONCE RUBIO,f. 181 - 360 DIAS,9.49,
224416,2025-09,COOPERATIVA DE AHORRO Y CREDITO PADRE VICENTE PONCE RUBIO,g. MAS DE 360 DIAS,10.9736842105263,
224417,2025-09,COOPERATIVA DE AHORRO Y CREDITO PEDRO MONCAYO LTDA,b. 30 - 60 DIAS,4.029940801179082,
224418,2025-09,COOPERATIVA DE AHORRO Y CREDITO PEDRO MONCAYO LTDA,c. 61 - 90 DIAS,4.886637135593006,
224419,2025-09,COOPERATIVA DE AHORRO Y CREDITO PEDRO MONCAYO LTDA,d. 91 - 120 DIAS,5.645634731602757,
224420,2025-09,COOPERATIVA DE AHORRO Y CREDITO PEDRO MONCAYO LTDA,e. 121 - 180 DIAS,6.50517148635472,
224421,2025-09,COOPERATIVA DE AHORRO Y CREDITO PEDRO MONCAYO LTDA,f. 181 - 360 DIAS,6.876599612683813,
224422,2025-09,COOPERATIVA DE AHORRO Y CREDITO PEDRO MONCAYO LTDA,g. MAS DE 360 DIAS,9.170972947479273,
224423,2025-09,COOPERATIVA DE AHORRO Y CREDITO PICHINCHA LTDA,a. MENOS DE 30 DIAS,0.25,
224424,2025-09,COOPERATIVA DE AHORRO Y CREDITO PICHINCHA LTDA,b. 30 - 60 DIAS,4.73074125497953,
224425,2025-09,COOPERATIVA DE AHORRO Y CREDITO PICHINCHA LTDA,c. 61 - 90 DIAS,6.67629170052513,
224426,2025-09,COOPERATIVA DE AHORRO Y CREDITO PICHINCHA LTDA,d. 91 - 120 DIAS,5.7072158848510455,
224427,2025-09,COOPERATIVA DE AHORRO Y CREDITO PICHINCHA LTDA,e. 121 - 180 DIAS,7.06783327438134,
224428,2025-09,COOPERATIVA DE AHORRO Y CREDITO PICHINCHA LTDA,f. 181 - 360 DIAS,7.51040178532613,
224429,2025-09,COOPERATIVA DE AHORRO Y CREDITO PICHINCHA LTDA,g. MAS DE 360 DIAS,8.484771616758454,
224430,2025-09,COOPERATIVA DE AHORRO Y CREDITO PIJAL,a. MENOS DE 30 DIAS,1.1,
224431,2025-09,COOPERATIVA DE AHORRO Y CREDITO PIJAL,c. 61 - 90 DIAS,6.03352220520674,
224432,2025-09,COOPERATIVA DE AHORRO Y CREDITO PIJAL,d. 91 - 120 DIAS,5.13,
224433,2025-09,COOPERATIVA DE AHORRO Y CREDITO PIJAL,e. 121 - 180 DIAS,5.13,
224434,2025-09,COOPERATIVA DE AHORRO Y CREDITO PIJAL,f. 181 - 360 DIAS,7.51028322440087,
224435,2025-09,COOPERATIVA DE AHORRO Y CREDITO PIJAL,g. MAS DE 360 DIAS,10.9774060352957,
224436,2025-09,COOPERATIVA DE AHORRO Y CREDITO PILAHUIN TIO LIMITADA,a. MENOS DE 30 DIAS,0.0958039083767044,BBB+
224437,2025-09,COOPERATIVA DE AHORRO Y CREDITO PILAHUIN TIO LIMITADA,b. 30 - 60 DIAS,5.03177478641163,BBB+
224438,2025-09,COOPERATIVA DE AHORRO Y CREDITO PILAHUIN TIO LIMITADA,c. 61 - 90 DIAS,8.4226329936274,BBB+
224439,2025-09,COOPERATIVA DE AHORRO Y CREDITO PILAHUIN TIO LIMITADA,d. 91 - 120 DIAS,9.207467419026175,BBB+
224440,2025-09,COOPERATIVA DE AHORRO Y CREDITO PILAHUIN TIO LIMITADA,e. 121 - 180 DIAS,7.716663984675222,BBB+
224441,2025-09,COOPERATIVA DE AHORRO Y CREDITO PILAHUIN TIO LIMITADA,f. 181 - 360 DIAS,9.684074247289397,BBB+
224442,2025-09,COOPERATIVA DE AHORRO Y CREDITO PILAHUIN TIO LIMITADA,g. MAS DE 360 DIAS,9.834264609725588,BBB+
224443,2025-09,COOPERATIVA DE AHORRO Y CREDITO PISA LTDA,a. MENOS DE 30 DIAS,3.70015485284268,
224444,2025-09,COOPERATIVA DE AHORRO Y CREDITO PISA LTDA,d. 91 - 120 DIAS,4.57,
224445,2025-09,COOPERATIVA DE AHORRO Y CREDITO PISA LTDA,e. 121 - 180 DIAS,4.55,
224446,2025-09,COOPERATIVA DE AHORRO Y CREDITO PISA LTDA,g. MAS DE 360 DIAS,7.5,
224447,2025-09,COOPERATIVA DE AHORRO Y CREDITO PLASTIGAMA,a. MENOS DE 30 DIAS,4.15,
224448,2025-09,COOPERATIVA DE AHORRO Y CREDITO PLASTIGAMA,b. 30 - 60 DIAS,4.49,
224449,2025-09,COOPERATIVA DE AHORRO Y CREDITO POLICIA NACIONAL LIMITADA,a. MENOS DE 30 DIAS,0.515454592775098,A+
224450,2025-09,COOPERATIVA DE AHORRO Y CREDITO POLICIA NACIONAL LIMITADA,b. 30 - 60 DIAS,4.790950836181863,A+
224451,2025-09,COOPERATIVA DE AHORRO Y CREDITO POLICIA NACIONAL LIMITADA,c. 61 - 90 DIAS,5.472128948891081,A+
224452,2025-09,COOPERATIVA DE AHORRO Y CREDITO POLICIA NACIONAL LIMITADA,d. 91 - 120 DIAS,6.211719675084998,A+
224453,2025-09,COOPERATIVA DE AHORRO Y CREDITO POLICIA NACIONAL LIMITADA,e. 121 - 180 DIAS,6.922235084575516,A+
224454,2025-09,COOPERATIVA DE AHORRO Y CREDITO POLICIA NACIONAL LIMITADA,f. 181 - 360 DIAS,7.223658069872914,A+
224455,2025-09,COOPERATIVA DE AHORRO Y CREDITO POLICIA NACIONAL LIMITADA,g. MAS DE 360 DIAS,8.019569575651554,A+
224456,2025-09,COOPERATIVA DE AHORRO Y CREDITO POLITECNICA LTDA,a. MENOS DE 30 DIAS,1.0624327118442,
224457,2025-09,COOPERATIVA DE AHORRO Y CREDITO POLITECNICA LTDA,b. 30 - 60 DIAS,4.405523131030545,
224458,2025-09,COOPERATIVA DE AHORRO Y CREDITO POLITECNICA LTDA,c. 61 - 90 DIAS,4.53273048250794,
224459,2025-09,COOPERATIVA DE AHORRO Y CREDITO POLITECNICA LTDA,d. 91 - 120 DIAS,5.38837489491936,
224460,2025-09,COOPERATIVA DE AHORRO Y CREDITO POLITECNICA LTDA,e. 121 - 180 DIAS,6.30642312606592,
224461,2025-09,COOPERATIVA DE AHORRO Y CREDITO POLITECNICA LTDA,f. 181 - 360 DIAS,6.361457608482975,
224462,2025-09,COOPERATIVA DE AHORRO Y CREDITO POLITECNICA LTDA,g. MAS DE 360 DIAS,7.38605992225569,
224463,2025-09,COOPERATIVA DE AHORRO Y CREDITO POR EL PAN Y EL AGUA,a. MENOS DE 30 DIAS,0.6,
224464,2025-09,COOPERATIVA DE AHORRO Y CREDITO POR EL PAN Y EL AGUA,b. 30 - 60 DIAS,6.16,
224465,2025-09,COOPERATIVA DE AHORRO Y CREDITO POR EL PAN Y EL AGUA,c. 61 - 90 DIAS,8.26,
224466,2025-09,COOPERATIVA DE AHORRO Y CREDITO POR EL PAN Y EL AGUA,d. 91 - 120 DIAS,8.066410710967041,
224467,2025-09,COOPERATIVA DE AHORRO Y CREDITO POR EL PAN Y EL AGUA,e. 121 - 180 DIAS,6.09,
224468,2025-09,COOPERATIVA DE AHORRO Y CREDITO POR EL PAN Y EL AGUA,f. 181 - 360 DIAS,8.189723320158105,
224469,2025-09,COOPERATIVA DE AHORRO Y CREDITO POR EL PAN Y EL AGUA,g. MAS DE 360 DIAS,9.16752229937403,
224470,2025-09,COOPERATIVA DE AHORRO Y CREDITO PREVISION AHORRO Y DESAROLLO LTDA,a. MENOS DE 30 DIAS,0.78148428391048,BB-
224471,2025-09,COOPERATIVA DE AHORRO Y CREDITO PREVISION AHORRO Y DESAROLLO LTDA,b. 30 - 60 DIAS,6.833363123080417,BB-
224472,2025-09,COOPERATIVA DE AHORRO Y CREDITO PREVISION AHORRO Y DESAROLLO LTDA,c. 61 - 90 DIAS,7.728218582025494,BB-
224473,2025-09,COOPERATIVA DE AHORRO Y CREDITO PREVISION AHORRO Y DESAROLLO LTDA,d. 91 - 120 DIAS,8.48703745495093,BB-
224474,2025-09,COOPERATIVA DE AHORRO Y CREDITO PREVISION AHORRO Y DESAROLLO LTDA,e. 121 - 180 DIAS,7.962393551860013,BB-
224475,2025-09,COOPERATIVA DE AHORRO Y CREDITO PREVISION AHORRO Y DESAROLLO LTDA,f. 181 - 360 DIAS,8.61008262590953,BB-
224476,2025-09,COOPERATIVA DE AHORRO Y CREDITO PREVISION AHORRO Y DESAROLLO LTDA,g. MAS DE 360 DIAS,10.742654631929986,BB-
224477,2025-09,COOPERATIVA DE AHORRO Y CREDITO PRODUCCION AHORRO INVERSION SERVICIO PAIS LTDA,a. MENOS DE 30 DIAS,1.0,
224478,2025-09,COOPERATIVA DE AHORRO Y CREDITO PRODUCCION AHORRO INVERSION SERVICIO PAIS LTDA,b. 30 - 60 DIAS,5.44,
224479,2025-09,COOPERATIVA DE AHORRO Y CREDITO PRODUCCION AHORRO INVERSION SERVICIO PAIS LTDA,c. 61 - 90 DIAS,5.65,
224480,2025-09,COOPERATIVA DE AHORRO Y CREDITO PRODUCCION AHORRO INVERSION SERVICIO PAIS LTDA,d. 91 - 120 DIAS,7.513695327419395,
224481,2025-09,COOPERATIVA DE AHORRO Y CREDITO PRODUCCION AHORRO INVERSION SERVICIO PAIS LTDA,e. 121 - 180 DIAS,9.36355066444714,
224482,2025-09,COOPERATIVA DE AHORRO Y CREDITO PRODUCCION AHORRO INVERSION SERVICIO PAIS LTDA,f. 181 - 360 DIAS,8.964943335101164,
224483,2025-09,COOPERATIVA DE AHORRO Y CREDITO PRODUCCION AHORRO INVERSION SERVICIO PAIS LTDA,g. MAS DE 360 DIAS,11.482537594006132,
224484,2025-09,COOPERATIVA DE AHORRO Y CREDITO PRODVISION,a. MENOS DE 30 DIAS,0.136455220996354,
224485,2025-09,COOPERATIVA DE AHORRO Y CREDITO PRODVISION,b. 30 - 60 DIAS,9.2685518711886,
224486,2025-09,COOPERATIVA DE AHORRO Y CREDITO PRODVISION,c. 61 - 90 DIAS,8.265,
224487,2025-09,COOPERATIVA DE AHORRO Y CREDITO PRODVISION,d. 91 - 120 DIAS,10.923395998273175,
224488,2025-09,COOPERATIVA DE AHORRO Y CREDITO PRODVISION,e. 121 - 180 DIAS,10.425240626612434,
224489,2025-09,COOPERATIVA DE AHORRO Y CREDITO PRODVISION,f. 181 - 360 DIAS,11.572909369056875,
224490,2025-09,COOPERATIVA DE AHORRO Y CREDITO PRODVISION,g. MAS DE 360 DIAS,11.824386378158835,
224491,2025-09,COOPERATIVA DE AHORRO Y CREDITO PROVIDA LTDA,a. MENOS DE 30 DIAS,1.3,
224492,2025-09,COOPERATIVA DE AHORRO Y CREDITO PROVIDA LTDA,b. 30 - 60 DIAS,4.38880695174899,
224493,2025-09,COOPERATIVA DE AHORRO Y CREDITO PROVIDA LTDA,c. 61 - 90 DIAS,4.72799694331731,
224494,2025-09,COOPERATIVA DE AHORRO Y CREDITO PROVIDA LTDA,d. 91 - 120 DIAS,5.87448499458639,
224495,2025-09,COOPERATIVA DE AHORRO Y CREDITO PROVIDA LTDA,e. 121 - 180 DIAS,5.34519480519481,
224496,2025-09,COOPERATIVA DE AHORRO Y CREDITO PROVIDA LTDA,f. 181 - 360 DIAS,6.86150284776949,
224497,2025-09,COOPERATIVA DE AHORRO Y CREDITO PROVIDA LTDA,g. MAS DE 360 DIAS,7.73554518334699,
224498,2025-09,COOPERATIVA DE AHORRO Y CREDITO PUCARA LTDA,a. MENOS DE 30 DIAS,3.0,
224499,2025-09,COOPERATIVA DE AHORRO Y CREDITO PUCARA LTDA,d. 91 - 120 DIAS,8.22724589095673,
224500,2025-09,COOPERATIVA DE AHORRO Y CREDITO PUCARA LTDA,e. 121 - 180 DIAS,8.22,
224501,2025-09,COOPERATIVA DE AHORRO Y CREDITO PUCARA LTDA,f. 181 - 360 DIAS,9.2,
224502,2025-09,COOPERATIVA DE AHORRO Y CREDITO PUCARA LTDA,g. MAS DE 360 DIAS,9.91,
224503,2025-09,COOPERATIVA DE AHORRO Y CREDITO PUELLARO LTDA,a. MENOS DE 30 DIAS,1.8448167007506,
224504,2025-09,COOPERATIVA DE AHORRO Y CREDITO PUELLARO LTDA,b. 30 - 60 DIAS,5.112850142450143,
224505,2025-09,COOPERATIVA DE AHORRO Y CREDITO PUELLARO LTDA,c. 61 - 90 DIAS,6.146666666666667,
224506,2025-09,COOPERATIVA DE AHORRO Y CREDITO PUELLARO LTDA,d. 91 - 120 DIAS,7.3761047247446925,
224507,2025-09,COOPERATIVA DE AHORRO Y CREDITO PUELLARO LTDA,e. 121 - 180 DIAS,8.521604278074866,
224508,2025-09,COOPERATIVA DE AHORRO Y CREDITO PUELLARO LTDA,f. 181 - 360 DIAS,8.89915056549776,
224509,2025-09,COOPERATIVA DE AHORRO Y CREDITO PUELLARO LTDA,g. MAS DE 360 DIAS,10.138084970100214,
224510,2025-09,COOPERATIVA DE AHORRO Y CREDITO PUERTO LIMON,a. MENOS DE 30 DIAS,1.9,
224511,2025-09,COOPERATIVA DE AHORRO Y CREDITO PUERTO LIMON,c. 61 - 90 DIAS,4.06,
224512,2025-09,COOPERATIVA DE AHORRO Y CREDITO PUERTO LIMON,d. 91 - 120 DIAS,5.51612903225807,
224513,2025-09,COOPERATIVA DE AHORRO Y CREDITO PUERTO LIMON,f. 181 - 360 DIAS,8.0,
224514,2025-09,COOPERATIVA DE AHORRO Y CREDITO PUERTO LIMON,g. MAS DE 360 DIAS,9.0,
224515,2025-09,COOPERATIVA DE AHORRO Y CREDITO PUERTO LOPEZ LTDA,a. MENOS DE 30 DIAS,0.9,
224516,2025-09,COOPERATIVA DE AHORRO Y CREDITO PUERTO LOPEZ LTDA,b. 30 - 60 DIAS,8.3,
224517,2025-09,COOPERATIVA DE AHORRO Y CREDITO PUERTO LOPEZ LTDA,c. 61 - 90 DIAS,7.29072738077185,
224518,2025-09,COOPERATIVA DE AHORRO Y CREDITO PUERTO LOPEZ LTDA,d. 91 - 120 DIAS,7.953333333333333,
224519,2025-09,COOPERATIVA DE AHORRO Y CREDITO PUERTO LOPEZ LTDA,e. 121 - 180 DIAS,10.7119756838906,
224520,2025-09,COOPERATIVA DE AHORRO Y CREDITO PUERTO LOPEZ LTDA,f. 181 - 360 DIAS,9.45652173913045,
224521,2025-09,COOPERATIVA DE AHORRO Y CREDITO PUERTO LOPEZ LTDA,g. MAS DE 360 DIAS,8.23332488385115,
224522,2025-09,COOPERATIVA DE AHORRO Y CREDITO PUJILI LTDA,a. MENOS DE 30 DIAS,1.5,
224523,2025-09,COOPERATIVA DE AHORRO Y CREDITO PUJILI LTDA,b. 30 - 60 DIAS,4.78583801217183,
224524,2025-09,COOPERATIVA DE AHORRO Y CREDITO PUJILI LTDA,c. 61 - 90 DIAS,5.625,
224525,2025-09,COOPERATIVA DE AHORRO Y CREDITO PUJILI LTDA,d. 91 - 120 DIAS,6.69718309859155,
224526,2025-09,COOPERATIVA DE AHORRO Y CREDITO PUJILI LTDA,e. 121 - 180 DIAS,7.72293125049608,
224527,2025-09,COOPERATIVA DE AHORRO Y CREDITO PUJILI LTDA,f. 181 - 360 DIAS,8.340772846255403,
224528,2025-09,COOPERATIVA DE AHORRO Y CREDITO PUJILI LTDA,g. MAS DE 360 DIAS,9.630623308083146,
224529,2025-09,COOPERATIVA DE AHORRO Y CREDITO PUSHAK RUNA LTDA,a. MENOS DE 30 DIAS,1.0,
224530,2025-09,COOPERATIVA DE AHORRO Y CREDITO PUSHAK RUNA LTDA,b. 30 - 60 DIAS,6.13,
224531,2025-09,COOPERATIVA DE AHORRO Y CREDITO PUSHAK RUNA LTDA,c. 61 - 90 DIAS,6.16,
224532,2025-09,COOPERATIVA DE AHORRO Y CREDITO PUSHAK RUNA LTDA,d. 91 - 120 DIAS,7.2056038267312585,
224533,2025-09,COOPERATIVA DE AHORRO Y CREDITO PUSHAK RUNA LTDA,e. 121 - 180 DIAS,7.42486207438679,
224534,2025-09,COOPERATIVA DE AHORRO Y CREDITO PUSHAK RUNA LTDA,f. 181 - 360 DIAS,9.724697089474454,
224535,2025-09,COOPERATIVA DE AHORRO Y CREDITO PUSHAK RUNA LTDA,g. MAS DE 360 DIAS,10.862193516779394,
224536,2025-09,COOPERATIVA DE AHORRO Y CREDITO QUILANGA LTDA,a. MENOS DE 30 DIAS,3.0,
224537,2025-09,COOPERATIVA DE AHORRO Y CREDITO QUILANGA LTDA,b. 30 - 60 DIAS,5.38461538461539,
224538,2025-09,COOPERATIVA DE AHORRO Y CREDITO QUILANGA LTDA,d. 91 - 120 DIAS,5.53582046314947,
224539,2025-09,COOPERATIVA DE AHORRO Y CREDITO QUILANGA LTDA,e. 121 - 180 DIAS,7.47493543004281,
224540,2025-09,COOPERATIVA DE AHORRO Y CREDITO QUILANGA LTDA,f. 181 - 360 DIAS,7.20717115372607,
224541,2025-09,COOPERATIVA DE AHORRO Y CREDITO QUILANGA LTDA,g. MAS DE 360 DIAS,8.53659392147528,
224542,2025-09,COOPERATIVA DE AHORRO Y CREDITO REY DAVID LTDA,a. MENOS DE 30 DIAS,3.0,
224543,2025-09,COOPERATIVA DE AHORRO Y CREDITO REY DAVID LTDA,b. 30 - 60 DIAS,9.55982143947629,
224544,2025-09,COOPERATIVA DE AHORRO Y CREDITO REY DAVID LTDA,c. 61 - 90 DIAS,9.239597750464736,
224545,2025-09,COOPERATIVA DE AHORRO Y CREDITO REY DAVID LTDA,d. 91 - 120 DIAS,10.35702256578444,
224546,2025-09,COOPERATIVA DE AHORRO Y CREDITO REY DAVID LTDA,e. 121 - 180 DIAS,10.0,
224547,2025-09,COOPERATIVA DE AHORRO Y CREDITO REY DAVID LTDA,f. 181 - 360 DIAS,10.79160673447789,
224548,2025-09,COOPERATIVA DE AHORRO Y CREDITO REY DAVID LTDA,g. MAS DE 360 DIAS,10.803984033345374,
224549,2025-09,COOPERATIVA DE AHORRO Y CREDITO RHUMY WARA,a. MENOS DE 30 DIAS,1.01,
224550,2025-09,COOPERATIVA DE AHORRO Y CREDITO RHUMY WARA,c. 61 - 90 DIAS,8.24,
224551,2025-09,COOPERATIVA DE AHORRO Y CREDITO RHUMY WARA,d. 91 - 120 DIAS,9.916900472147232,
224552,2025-09,COOPERATIVA DE AHORRO Y CREDITO RHUMY WARA,e. 121 - 180 DIAS,8.925091941729674,
224553,2025-09,COOPERATIVA DE AHORRO Y CREDITO RHUMY WARA,f. 181 - 360 DIAS,10.57922959605125,
224554,2025-09,COOPERATIVA DE AHORRO Y CREDITO RHUMY WARA,g. MAS DE 360 DIAS,11.272711515813139,
224555,2025-09,COOPERATIVA DE AHORRO Y CREDITO RIOBAMBA LTDA,a. MENOS DE 30 DIAS,3.04,
224556,2025-09,COOPERATIVA DE AHORRO Y CREDITO RIOBAMBA LTDA,b. 30 - 60 DIAS,5.4,
224557,2025-09,COOPERATIVA DE AHORRO Y CREDITO RIOBAMBA LTDA,c. 61 - 90 DIAS,5.660355506274429,
224558,2025-09,COOPERATIVA DE AHORRO Y CREDITO RIOBAMBA LTDA,d. 91 - 120 DIAS,5.892909684570125,
224559,2025-09,COOPERATIVA DE AHORRO Y CREDITO RIOBAMBA LTDA,e. 121 - 180 DIAS,6.260360731738982,
224560,2025-09,COOPERATIVA DE AHORRO Y CREDITO RIOBAMBA LTDA,f. 181 - 360 DIAS,6.7828970043456875,
224561,2025-09,COOPERATIVA DE AHORRO Y CREDITO RIOBAMBA LTDA,g. MAS DE 360 DIAS,7.331315101686381,
224562,2025-09,COOPERATIVA DE AHORRO Y CREDITO RUMIÑAHUI LIMITADA,d. 91 - 120 DIAS,9.67937355484688,
224563,2025-09,COOPERATIVA DE AHORRO Y CREDITO RUMIÑAHUI LIMITADA,f. 181 - 360 DIAS,9.64736842105263,
224564,2025-09,COOPERATIVA DE AHORRO Y CREDITO RUMIÑAHUI LIMITADA,g. MAS DE 360 DIAS,10.3090211132438,
224565,2025-09,COOPERATIVA DE AHORRO Y CREDITO RURAL SIERRA NORTE,a. MENOS DE 30 DIAS,1.0,
224566,2025-09,COOPERATIVA DE AHORRO Y CREDITO RURAL SIERRA NORTE,b. 30 - 60 DIAS,4.605,
224567,2025-09,COOPERATIVA DE AHORRO Y CREDITO RURAL SIERRA NORTE,c. 61 - 90 DIAS,5.702217721839406,
224568,2025-09,COOPERATIVA DE AHORRO Y CREDITO RURAL SIERRA NORTE,d. 91 - 120 DIAS,5.892547738324405,
224569,2025-09,COOPERATIVA DE AHORRO Y CREDITO RURAL SIERRA NORTE,e. 121 - 180 DIAS,5.13,
224570,2025-09,COOPERATIVA DE AHORRO Y CREDITO RURAL SIERRA NORTE,f. 181 - 360 DIAS,6.696889179263006,
224571,2025-09,COOPERATIVA DE AHORRO Y CREDITO RURAL SIERRA NORTE,g. MAS DE 360 DIAS,9.699025560347472,
224572,2025-09,COOPERATIVA DE AHORRO Y CREDITO SALATE LTDA,a. MENOS DE 30 DIAS,1.0,
224573,2025-09,COOPERATIVA DE AHORRO Y CREDITO SALATE LTDA,b. 30 - 60 DIAS,6.87248900729211,
224574,2025-09,COOPERATIVA DE AHORRO Y CREDITO SALATE LTDA,c. 61 - 90 DIAS,9.14586132418145,
224575,2025-09,COOPERATIVA DE AHORRO Y CREDITO SALATE LTDA,d. 91 - 120 DIAS,9.01503725009967,
224576,2025-09,COOPERATIVA DE AHORRO Y CREDITO SALATE LTDA,f. 181 - 360 DIAS,5.86602676907391,
224577,2025-09,COOPERATIVA DE AHORRO Y CREDITO SALATE LTDA,g. MAS DE 360 DIAS,2.922491687282575,
224578,2025-09,COOPERATIVA DE AHORRO Y CREDITO SALINAS LIMITADA,a. MENOS DE 30 DIAS,1.0,
224579,2025-09,COOPERATIVA DE AHORRO Y CREDITO SALINAS LIMITADA,b. 30 - 60 DIAS,5.06498030388295,
224580,2025-09,COOPERATIVA DE AHORRO Y CREDITO SALINAS LIMITADA,c. 61 - 90 DIAS,6.1398466674697545,
224581,2025-09,COOPERATIVA DE AHORRO Y CREDITO SALINAS LIMITADA,d. 91 - 120 DIAS,7.18837703363482,
224582,2025-09,COOPERATIVA DE AHORRO Y CREDITO SALINAS LIMITADA,e. 121 - 180 DIAS,7.151870758579,
224583,2025-09,COOPERATIVA DE AHORRO Y CREDITO SALINAS LIMITADA,f. 181 - 360 DIAS,8.186361283749264,
224584,2025-09,COOPERATIVA DE AHORRO Y CREDITO SALINAS LIMITADA,g. MAS DE 360 DIAS,9.9963061854964,
224585,2025-09,COOPERATIVA DE AHORRO Y CREDITO SALINERITA LTDA,a. MENOS DE 30 DIAS,0.5,
224586,2025-09,COOPERATIVA DE AHORRO Y CREDITO SALINERITA LTDA,b. 30 - 60 DIAS,4.33,
224587,2025-09,COOPERATIVA DE AHORRO Y CREDITO SALINERITA LTDA,c. 61 - 90 DIAS,5.308,
224588,2025-09,COOPERATIVA DE AHORRO Y CREDITO SALINERITA LTDA,d. 91 - 120 DIAS,6.1004159733777055,
224589,2025-09,COOPERATIVA DE AHORRO Y CREDITO SALINERITA LTDA,e. 121 - 180 DIAS,7.9,
224590,2025-09,COOPERATIVA DE AHORRO Y CREDITO SALINERITA LTDA,g. MAS DE 360 DIAS,7.61667688803224,
224591,2025-09,COOPERATIVA DE AHORRO Y CREDITO SALITRE LTDA,a. MENOS DE 30 DIAS,1.0,
224592,2025-09,COOPERATIVA DE AHORRO Y CREDITO SALITRE LTDA,c. 61 - 90 DIAS,4.58,
224593,2025-09,COOPERATIVA DE AHORRO Y CREDITO SALITRE LTDA,d. 91 - 120 DIAS,5.08,
224594,2025-09,COOPERATIVA DE AHORRO Y CREDITO SALITRE LTDA,f. 181 - 360 DIAS,6.5,
224595,2025-09,COOPERATIVA DE AHORRO Y CREDITO SALITRE LTDA,g. MAS DE 360 DIAS,8.25,
224596,2025-09,COOPERATIVA DE AHORRO Y CREDITO SAN ANTONIO DE TOACASO,a. MENOS DE 30 DIAS,1.0,
224597,2025-09,COOPERATIVA DE AHORRO Y CREDITO SAN ANTONIO DE TOACASO,f. 181 - 360 DIAS,12.0559624577869,
224598,2025-09,COOPERATIVA DE AHORRO Y CREDITO SAN ANTONIO DE TOACASO,g. MAS DE 360 DIAS,10.49,
224599,2025-09,COOPERATIVA DE AHORRO Y CREDITO SAN ANTONIO LIMITADA,a. MENOS DE 30 DIAS,1.2,
224600,2025-09,COOPERATIVA DE AHORRO Y CREDITO SAN ANTONIO LIMITADA,b. 30 - 60 DIAS,10.3794393879366,
224601,2025-09,COOPERATIVA DE AHORRO Y CREDITO SAN ANTONIO LIMITADA,c. 61 - 90 DIAS,10.3806155595548,
224602,2025-09,COOPERATIVA DE AHORRO Y CREDITO SAN ANTONIO LIMITADA,d. 91 - 120 DIAS,10.34,
224603,2025-09,COOPERATIVA DE AHORRO Y CREDITO SAN ANTONIO LIMITADA,e. 121 - 180 DIAS,10.25,
224604,2025-09,COOPERATIVA DE AHORRO Y CREDITO SAN ANTONIO LIMITADA,f. 181 - 360 DIAS,10.0,
224605,2025-09,COOPERATIVA DE AHORRO Y CREDITO SAN ANTONIO LIMITADA,g. MAS DE 360 DIAS,10.0,
224606,2025-09,COOPERATIVA DE AHORRO Y CREDITO SAN ANTONIO LTDA - IMBABURA,a. MENOS DE 30 DIAS,1.4408962679509,BBB+
224607,2025-09,COOPERATIVA DE AHORRO Y CREDITO SAN ANTONIO LTDA - IMBABURA,b. 30 - 60 DIAS,5.618587114863497,BBB+
224608,2025-09,COOPERATIVA DE AHORRO Y CREDITO SAN ANTONIO LTDA - IMBABURA,c. 61 - 90 DIAS,6.1516722546271465,BBB+
224609,2025-09,COOPERATIVA DE AHORRO Y CREDITO SAN ANTONIO LTDA - IMBABURA,d. 91 - 120 DIAS,6.268483629692589,BBB+
224610,2025-09,COOPERATIVA DE AHORRO Y CREDITO SAN ANTONIO LTDA - IMBABURA,e. 121 - 180 DIAS,7.15421398348753,BBB+
224611,2025-09,COOPERATIVA DE AHORRO Y CREDITO SAN ANTONIO LTDA - IMBABURA,f. 181 - 360 DIAS,8.072618490695644,BBB+
224612,2025-09,COOPERATIVA DE AHORRO Y CREDITO SAN ANTONIO LTDA - IMBABURA,g. MAS DE 360 DIAS,9.31773034177367,BBB+
224613,2025-09,COOPERATIVA DE AHORRO Y CREDITO SAN ANTONIO LTDA LOS RÍOS,a. MENOS DE 30 DIAS,2.05,
224614,2025-09,COOPERATIVA DE AHORRO Y CREDITO SAN ANTONIO LTDA LOS RÍOS,b. 30 - 60 DIAS,4.05457199894167,
224615,2025-09,COOPERATIVA DE AHORRO Y CREDITO SAN ANTONIO LTDA LOS RÍOS,c. 61 - 90 DIAS,5.099780701754386,
224616,2025-09,COOPERATIVA DE AHORRO Y CREDITO SAN ANTONIO LTDA LOS RÍOS,d. 91 - 120 DIAS,6.654156371351784,
224617,2025-09,COOPERATIVA DE AHORRO Y CREDITO SAN ANTONIO LTDA LOS RÍOS,e. 121 - 180 DIAS,7.13316871064537,
224618,2025-09,COOPERATIVA DE AHORRO Y CREDITO SAN ANTONIO LTDA LOS RÍOS,f. 181 - 360 DIAS,7.64716059215624,
224619,2025-09,COOPERATIVA DE AHORRO Y CREDITO SAN ANTONIO LTDA LOS RÍOS,g. MAS DE 360 DIAS,9.556186627665928,
224620,2025-09,COOPERATIVA DE AHORRO Y CREDITO SAN CRISTOBAL LTDA,a. MENOS DE 30 DIAS,0.25,
224621,2025-09,COOPERATIVA DE AHORRO Y CREDITO SAN CRISTOBAL LTDA,c. 61 - 90 DIAS,5.76,
224622,2025-09,COOPERATIVA DE AHORRO Y CREDITO SAN CRISTOBAL LTDA,d. 91 - 120 DIAS,6.23753062373466,
224623,2025-09,COOPERATIVA DE AHORRO Y CREDITO SAN CRISTOBAL LTDA,e. 121 - 180 DIAS,6.22396825396825,
224624,2025-09,COOPERATIVA DE AHORRO Y CREDITO SAN CRISTOBAL LTDA,f. 181 - 360 DIAS,7.13547031814101,
224625,2025-09,COOPERATIVA DE AHORRO Y CREDITO SAN FERNANDO LTDA,a. MENOS DE 30 DIAS,0.573568573241233,
224626,2025-09,COOPERATIVA DE AHORRO Y CREDITO SAN FERNANDO LTDA,c. 61 - 90 DIAS,7.25,
224627,2025-09,COOPERATIVA DE AHORRO Y CREDITO SAN FERNANDO LTDA,d. 91 - 120 DIAS,8.1582871219666,
224628,2025-09,COOPERATIVA DE AHORRO Y CREDITO SAN FERNANDO LTDA,e. 121 - 180 DIAS,9.42,
224629,2025-09,COOPERATIVA DE AHORRO Y CREDITO SAN FERNANDO LTDA,f. 181 - 360 DIAS,10.940150440126466,
224630,2025-09,COOPERATIVA DE AHORRO Y CREDITO SAN FERNANDO LTDA,g. MAS DE 360 DIAS,12.4970038586196,
224631,2025-09,COOPERATIVA DE AHORRO Y CREDITO SAN FRANCISCO DE ASIS LTDA,a. MENOS DE 30 DIAS,1.882120104526,BBB
224632,2025-09,COOPERATIVA DE AHORRO Y CREDITO SAN FRANCISCO DE ASIS LTDA,b. 30 - 60 DIAS,4.95859908655631,BBB
224633,2025-09,COOPERATIVA DE AHORRO Y CREDITO SAN FRANCISCO DE ASIS LTDA,c. 61 - 90 DIAS,5.78290278462933,BBB
224634,2025-09,COOPERATIVA DE AHORRO Y CREDITO SAN FRANCISCO DE ASIS LTDA,d. 91 - 120 DIAS,5.91469146768881,BBB
224635,2025-09,COOPERATIVA DE AHORRO Y CREDITO SAN FRANCISCO DE ASIS LTDA,e. 121 - 180 DIAS,6.0381721639847,BBB
224636,2025-09,COOPERATIVA DE AHORRO Y CREDITO SAN FRANCISCO DE ASIS LTDA,f. 181 - 360 DIAS,7.78311033114085,BBB
224637,2025-09,COOPERATIVA DE AHORRO Y CREDITO SAN FRANCISCO DE ASIS LTDA,g. MAS DE 360 DIAS,8.77179659555878,BBB
224638,2025-09,COOPERATIVA DE AHORRO Y CREDITO SAN FRANCISCO LTDA,a. MENOS DE 30 DIAS,0.5,AA+
224639,2025-09,COOPERATIVA DE AHORRO Y CREDITO SAN FRANCISCO LTDA,b. 30 - 60 DIAS,4.782547478499366,AA+
224640,2025-09,COOPERATIVA DE AHORRO Y CREDITO SAN FRANCISCO LTDA,c. 61 - 90 DIAS,5.541521853459633,AA+
224641,2025-09,COOPERATIVA DE AHORRO Y CREDITO SAN FRANCISCO LTDA,d. 91 - 120 DIAS,5.754477495384494,AA+
224642,2025-09,COOPERATIVA DE AHORRO Y CREDITO SAN FRANCISCO LTDA,e. 121 - 180 DIAS,6.010191333392389,AA+
224643,2025-09,COOPERATIVA DE AHORRO Y CREDITO SAN FRANCISCO LTDA,f. 181 - 360 DIAS,6.52296057205316,AA+
224644,2025-09,COOPERATIVA DE AHORRO Y CREDITO SAN FRANCISCO LTDA,g. MAS DE 360 DIAS,8.411209983950272,AA+
224645,2025-09,COOPERATIVA DE AHORRO Y CREDITO SAN GABRIEL LTDA,a. MENOS DE 30 DIAS,1.0,
224646,2025-09,COOPERATIVA DE AHORRO Y CREDITO SAN GABRIEL LTDA,b. 30 - 60 DIAS,5.839422337607637,
224647,2025-09,COOPERATIVA DE AHORRO Y CREDITO SAN GABRIEL LTDA,c. 61 - 90 DIAS,7.245734086344447,
224648,2025-09,COOPERATIVA DE AHORRO Y CREDITO SAN GABRIEL LTDA,d. 91 - 120 DIAS,7.759522960697876,
224649,2025-09,COOPERATIVA DE AHORRO Y CREDITO SAN GABRIEL LTDA,e. 121 - 180 DIAS,7.899321319630137,
224650,2025-09,COOPERATIVA DE AHORRO Y CREDITO SAN GABRIEL LTDA,f. 181 - 360 DIAS,9.270604395198808,
224651,2025-09,COOPERATIVA DE AHORRO Y CREDITO SAN GABRIEL LTDA,g. MAS DE 360 DIAS,10.69624365160816,
224652,2025-09,COOPERATIVA DE AHORRO Y CREDITO SAN ISIDRO LTDA,a. MENOS DE 30 DIAS,1.19481370737539,
224653,2025-09,COOPERATIVA DE AHORRO Y CREDITO SAN ISIDRO LTDA,c. 61 - 90 DIAS,4.19,
224654,2025-09,COOPERATIVA DE AHORRO Y CREDITO SAN ISIDRO LTDA,f. 181 - 360 DIAS,6.65666666666667,
224655,2025-09,COOPERATIVA DE AHORRO Y CREDITO SAN ISIDRO LTDA,g. MAS DE 360 DIAS,8.204699092258245,
224656,2025-09,COOPERATIVA DE AHORRO Y CREDITO SAN JORGE LTDA,a. MENOS DE 30 DIAS,2.01271655958362,
224657,2025-09,COOPERATIVA DE AHORRO Y CREDITO SAN JORGE LTDA,c. 61 - 90 DIAS,5.13,
224658,2025-09,COOPERATIVA DE AHORRO Y CREDITO SAN JORGE LTDA,d. 91 - 120 DIAS,6.0009438919487,
224659,2025-09,COOPERATIVA DE AHORRO Y CREDITO SAN JORGE LTDA,e. 121 - 180 DIAS,7.63,
224660,2025-09,COOPERATIVA DE AHORRO Y CREDITO SAN JORGE LTDA,f. 181 - 360 DIAS,7.774551551163141,
224661,2025-09,COOPERATIVA DE AHORRO Y CREDITO SAN JORGE LTDA,g. MAS DE 360 DIAS,8.441444423338579,
224662,2025-09,COOPERATIVA DE AHORRO Y CREDITO SAN JOSE LIMITADA,a. MENOS DE 30 DIAS,1.13730271293315,AA
224663,2025-09,COOPERATIVA DE AHORRO Y CREDITO SAN JOSE LIMITADA,b. 30 - 60 DIAS,4.972887531987722,AA
224664,2025-09,COOPERATIVA DE AHORRO Y CREDITO SAN JOSE LIMITADA,c. 61 - 90 DIAS,4.873289462002488,AA
224665,2025-09,COOPERATIVA DE AHORRO Y CREDITO SAN JOSE LIMITADA,d. 91 - 120 DIAS,5.797136564107962,AA
224666,2025-09,COOPERATIVA DE AHORRO Y CREDITO SAN JOSE LIMITADA,e. 121 - 180 DIAS,5.945705115370263,AA
224667,2025-09,COOPERATIVA DE AHORRO Y CREDITO SAN JOSE LIMITADA,f. 181 - 360 DIAS,6.66919608498619,AA
224668,2025-09,COOPERATIVA DE AHORRO Y CREDITO SAN JOSE LIMITADA,g. MAS DE 360 DIAS,7.883136370899828,AA
224669,2025-09,COOPERATIVA DE AHORRO Y CREDITO SAN JOSE SJ,a. MENOS DE 30 DIAS,1.25,
224670,2025-09,COOPERATIVA DE AHORRO Y CREDITO SAN JOSE SJ,e. 121 - 180 DIAS,3.71,
224671,2025-09,COOPERATIVA DE AHORRO Y CREDITO SAN JOSE SJ,f. 181 - 360 DIAS,6.78933706302584,
224672,2025-09,COOPERATIVA DE AHORRO Y CREDITO SAN JOSE SJ,g. MAS DE 360 DIAS,9.03163179916318,
224673,2025-09,COOPERATIVA DE AHORRO Y CREDITO SAN JUAN DE COTOGCHOA,a. MENOS DE 30 DIAS,0.98,
224674,2025-09,COOPERATIVA DE AHORRO Y CREDITO SAN JUAN DE COTOGCHOA,b. 30 - 60 DIAS,6.295653882442779,
224675,2025-09,COOPERATIVA DE AHORRO Y CREDITO SAN JUAN DE COTOGCHOA,c. 61 - 90 DIAS,6.397283125235235,
224676,2025-09,COOPERATIVA DE AHORRO Y CREDITO SAN JUAN DE COTOGCHOA,d. 91 - 120 DIAS,7.590845766493627,
224677,2025-09,COOPERATIVA DE AHORRO Y CREDITO SAN JUAN DE COTOGCHOA,e. 121 - 180 DIAS,7.236517666426024,
224678,2025-09,COOPERATIVA DE AHORRO Y CREDITO SAN JUAN DE COTOGCHOA,f. 181 - 360 DIAS,8.749187099862763,
224679,2025-09,COOPERATIVA DE AHORRO Y CREDITO SAN JUAN DE COTOGCHOA,g. MAS DE 360 DIAS,9.597180673069458,
224680,2025-09,COOPERATIVA DE AHORRO Y CREDITO SAN MARCOS,a. MENOS DE 30 DIAS,3.0,
224681,2025-09,COOPERATIVA DE AHORRO Y CREDITO SAN MARCOS,c. 61 - 90 DIAS,4.08,
224682,2025-09,COOPERATIVA DE AHORRO Y CREDITO SAN MARCOS,d. 91 - 120 DIAS,5.97,
224683,2025-09,COOPERATIVA DE AHORRO Y CREDITO SAN MARCOS,e. 121 - 180 DIAS,5.97,
224684,2025-09,COOPERATIVA DE AHORRO Y CREDITO SAN MARCOS,f. 181 - 360 DIAS,7.94860202940273,
224685,2025-09,COOPERATIVA DE AHORRO Y CREDITO SAN MARCOS,g. MAS DE 360 DIAS,8.34171740284301,
224686,2025-09,COOPERATIVA DE AHORRO Y CREDITO SAN MARTIN DE TISALEO LTDA,a. MENOS DE 30 DIAS,1.45,
224687,2025-09,COOPERATIVA DE AHORRO Y CREDITO SAN MARTIN DE TISALEO LTDA,b. 30 - 60 DIAS,6.2125,
224688,2025-09,COOPERATIVA DE AHORRO Y CREDITO SAN MARTIN DE TISALEO LTDA,c. 61 - 90 DIAS,6.782782630388245,
224689,2025-09,COOPERATIVA DE AHORRO Y CREDITO SAN MARTIN DE TISALEO LTDA,d. 91 - 120 DIAS,6.895086120348133,
224690,2025-09,COOPERATIVA DE AHORRO Y CREDITO SAN MARTIN DE TISALEO LTDA,e. 121 - 180 DIAS,7.67939690978568,
224691,2025-09,COOPERATIVA DE AHORRO Y CREDITO SAN MARTIN DE TISALEO LTDA,f. 181 - 360 DIAS,8.433016868052965,
224692,2025-09,COOPERATIVA DE AHORRO Y CREDITO SAN MARTIN DE TISALEO LTDA,g. MAS DE 360 DIAS,11.503959928530008,
224693,2025-09,COOPERATIVA DE AHORRO Y CREDITO SAN MIGUEL DE LOS BANCOS LTDA,a. MENOS DE 30 DIAS,0.72784232532346,
224694,2025-09,COOPERATIVA DE AHORRO Y CREDITO SAN MIGUEL DE LOS BANCOS LTDA,b. 30 - 60 DIAS,5.381117885014002,
224695,2025-09,COOPERATIVA DE AHORRO Y CREDITO SAN MIGUEL DE LOS BANCOS LTDA,c. 61 - 90 DIAS,5.34866501289888,
224696,2025-09,COOPERATIVA DE AHORRO Y CREDITO SAN MIGUEL DE LOS BANCOS LTDA,d. 91 - 120 DIAS,5.728716290425457,
224697,2025-09,COOPERATIVA DE AHORRO Y CREDITO SAN MIGUEL DE LOS BANCOS LTDA,e. 121 - 180 DIAS,6.303030816543238,
224698,2025-09,COOPERATIVA DE AHORRO Y CREDITO SAN MIGUEL DE LOS BANCOS LTDA,f. 181 - 360 DIAS,6.7871128023959315,
224699,2025-09,COOPERATIVA DE AHORRO Y CREDITO SAN MIGUEL DE LOS BANCOS LTDA,g. MAS DE 360 DIAS,9.406405816435592,
224700,2025-09,COOPERATIVA DE AHORRO Y CREDITO SAN MIGUEL DE PALLATANGA,a. MENOS DE 30 DIAS,0.978010614845448,
224701,2025-09,COOPERATIVA DE AHORRO Y CREDITO SAN MIGUEL DE PALLATANGA,b. 30 - 60 DIAS,8.54,
224702,2025-09,COOPERATIVA DE AHORRO Y CREDITO SAN MIGUEL DE PALLATANGA,c. 61 - 90 DIAS,8.960446663141417,
224703,2025-09,COOPERATIVA DE AHORRO Y CREDITO SAN MIGUEL DE PALLATANGA,d. 91 - 120 DIAS,9.371339503981345,
224704,2025-09,COOPERATIVA DE AHORRO Y CREDITO SAN MIGUEL DE PALLATANGA,e. 121 - 180 DIAS,9.529026692624264,
224705,2025-09,COOPERATIVA DE AHORRO Y CREDITO SAN MIGUEL DE PALLATANGA,f. 181 - 360 DIAS,10.194057384261766,
224706,2025-09,COOPERATIVA DE AHORRO Y CREDITO SAN MIGUEL DE PALLATANGA,g. MAS DE 360 DIAS,9.624934047314404,
224707,2025-09,COOPERATIVA DE AHORRO Y CREDITO SAN MIGUEL DE SIGCHOS,a. MENOS DE 30 DIAS,3.0,
224708,2025-09,COOPERATIVA DE AHORRO Y CREDITO SAN MIGUEL DE SIGCHOS,c. 61 - 90 DIAS,8.84,
224709,2025-09,COOPERATIVA DE AHORRO Y CREDITO SAN MIGUEL DE SIGCHOS,d. 91 - 120 DIAS,7.79,
224710,2025-09,COOPERATIVA DE AHORRO Y CREDITO SAN MIGUEL DE SIGCHOS,f. 181 - 360 DIAS,8.0075,
224711,2025-09,COOPERATIVA DE AHORRO Y CREDITO SAN MIGUEL DE SIGCHOS,g. MAS DE 360 DIAS,9.76314608555287,
224712,2025-09,COOPERATIVA DE AHORRO Y CREDITO SAN MIGUEL LTDA,a. MENOS DE 30 DIAS,2.0,
224713,2025-09,COOPERATIVA DE AHORRO Y CREDITO SAN MIGUEL LTDA,b. 30 - 60 DIAS,7.20003175948257,
224714,2025-09,COOPERATIVA DE AHORRO Y CREDITO SAN MIGUEL LTDA,c. 61 - 90 DIAS,7.04863298811176,
224715,2025-09,COOPERATIVA DE AHORRO Y CREDITO SAN MIGUEL LTDA,d. 91 - 120 DIAS,7.35064780118052,
224716,2025-09,COOPERATIVA DE AHORRO Y CREDITO SAN MIGUEL LTDA,e. 121 - 180 DIAS,7.253397234437065,
224717,2025-09,COOPERATIVA DE AHORRO Y CREDITO SAN MIGUEL LTDA,f. 181 - 360 DIAS,8.45780645846975,
224718,2025-09,COOPERATIVA DE AHORRO Y CREDITO SAN MIGUEL LTDA,g. MAS DE 360 DIAS,10.020465812043657,
224719,2025-09,COOPERATIVA DE AHORRO Y CREDITO SAN PEDRO LTDA,a. MENOS DE 30 DIAS,0.75,
224720,2025-09,COOPERATIVA DE AHORRO Y CREDITO SAN PEDRO LTDA,b. 30 - 60 DIAS,7.612333049081295,
224721,2025-09,COOPERATIVA DE AHORRO Y CREDITO SAN PEDRO LTDA,c. 61 - 90 DIAS,7.21113580358465,
224722,2025-09,COOPERATIVA DE AHORRO Y CREDITO SAN PEDRO LTDA,d. 91 - 120 DIAS,9.71431434435471,
224723,2025-09,COOPERATIVA DE AHORRO Y CREDITO SAN PEDRO LTDA,e. 121 - 180 DIAS,7.015000000000001,
224724,2025-09,COOPERATIVA DE AHORRO Y CREDITO SAN PEDRO LTDA,f. 181 - 360 DIAS,8.050423734951444,
224725,2025-09,COOPERATIVA DE AHORRO Y CREDITO SAN PEDRO LTDA,g. MAS DE 360 DIAS,8.30942948375465,
224726,2025-09,COOPERATIVA DE AHORRO Y CREDITO SAN VALENTIN,a. MENOS DE 30 DIAS,4.86,
224727,2025-09,COOPERATIVA DE AHORRO Y CREDITO SAN VALENTIN,b. 30 - 60 DIAS,5.12,
224728,2025-09,COOPERATIVA DE AHORRO Y CREDITO SAN VALENTIN,d. 91 - 120 DIAS,7.02,
224729,2025-09,COOPERATIVA DE AHORRO Y CREDITO SAN VALENTIN,f. 181 - 360 DIAS,8.3,
224730,2025-09,COOPERATIVA DE AHORRO Y CREDITO SAN VALENTIN,g. MAS DE 360 DIAS,9.87538852010933,
224731,2025-09,COOPERATIVA DE AHORRO Y CREDITO SANTA ANA LTDA,a. MENOS DE 30 DIAS,2.10100477453152,BBB-
224732,2025-09,COOPERATIVA DE AHORRO Y CREDITO SANTA ANA LTDA,b. 30 - 60 DIAS,3.04,BBB-
224733,2025-09,COOPERATIVA DE AHORRO Y CREDITO SANTA ANA LTDA,c. 61 - 90 DIAS,4.07,BBB-
224734,2025-09,COOPERATIVA DE AHORRO Y CREDITO SANTA ANA LTDA,d. 91 - 120 DIAS,4.735070925469464,BBB-
224735,2025-09,COOPERATIVA DE AHORRO Y CREDITO SANTA ANA LTDA,e. 121 - 180 DIAS,4.5600000000000005,BBB-
224736,2025-09,COOPERATIVA DE AHORRO Y CREDITO SANTA ANA LTDA,f. 181 - 360 DIAS,7.803153935185185,BBB-
224737,2025-09,COOPERATIVA DE AHORRO Y CREDITO SANTA ANA LTDA,g. MAS DE 360 DIAS,9.161306294703321,BBB-
224738,2025-09,COOPERATIVA DE AHORRO Y CREDITO SANTA ANITA LTDA,a. MENOS DE 30 DIAS,0.67651712976473,
224739,2025-09,COOPERATIVA DE AHORRO Y CREDITO SANTA ANITA LTDA,b. 30 - 60 DIAS,4.63109120290796,
224740,2025-09,COOPERATIVA DE AHORRO Y CREDITO SANTA ANITA LTDA,c. 61 - 90 DIAS,4.789974857574481,
224741,2025-09,COOPERATIVA DE AHORRO Y CREDITO SANTA ANITA LTDA,d. 91 - 120 DIAS,5.474529960961724,
224742,2025-09,COOPERATIVA DE AHORRO Y CREDITO SANTA ANITA LTDA,e. 121 - 180 DIAS,5.945047400339403,
224743,2025-09,COOPERATIVA DE AHORRO Y CREDITO SANTA ANITA LTDA,f. 181 - 360 DIAS,6.758360745944995,
224744,2025-09,COOPERATIVA DE AHORRO Y CREDITO SANTA ANITA LTDA,g. MAS DE 360 DIAS,9.002589766472578,
224745,2025-09,COOPERATIVA DE AHORRO Y CREDITO SANTA ISABEL LTDA,a. MENOS DE 30 DIAS,3.5,
224746,2025-09,COOPERATIVA DE AHORRO Y CREDITO SANTA ISABEL LTDA,b. 30 - 60 DIAS,5.65003638184385,
224747,2025-09,COOPERATIVA DE AHORRO Y CREDITO SANTA ISABEL LTDA,c. 61 - 90 DIAS,6.337770115468655,
224748,2025-09,COOPERATIVA DE AHORRO Y CREDITO SANTA ISABEL LTDA,d. 91 - 120 DIAS,6.727566468284263,
224749,2025-09,COOPERATIVA DE AHORRO Y CREDITO SANTA ISABEL LTDA,e. 121 - 180 DIAS,7.03446489351555,
224750,2025-09,COOPERATIVA DE AHORRO Y CREDITO SANTA ISABEL LTDA,f. 181 - 360 DIAS,7.42404621018337,
224751,2025-09,COOPERATIVA DE AHORRO Y CREDITO SANTA ISABEL LTDA,g. MAS DE 360 DIAS,8.176334008796461,
224752,2025-09,COOPERATIVA DE AHORRO Y CREDITO SANTA MARIA DE LA MANGA DEL CURA LTDA,a. MENOS DE 30 DIAS,1.0,
224753,2025-09,COOPERATIVA DE AHORRO Y CREDITO SANTA MARIA DE LA MANGA DEL CURA LTDA,c. 61 - 90 DIAS,5.61,
224754,2025-09,COOPERATIVA DE AHORRO Y CREDITO SANTA MARIA DE LA MANGA DEL CURA LTDA,e. 121 - 180 DIAS,9.2,
224755,2025-09,COOPERATIVA DE AHORRO Y CREDITO SANTA ROSA DE PATUTAN LTDA,a. MENOS DE 30 DIAS,1.39167716556914,
224756,2025-09,COOPERATIVA DE AHORRO Y CREDITO SANTA ROSA DE PATUTAN LTDA,b. 30 - 60 DIAS,6.45,
224757,2025-09,COOPERATIVA DE AHORRO Y CREDITO SANTA ROSA DE PATUTAN LTDA,c. 61 - 90 DIAS,6.85,
224758,2025-09,COOPERATIVA DE AHORRO Y CREDITO SANTA ROSA DE PATUTAN LTDA,d. 91 - 120 DIAS,8.08454815924893,
224759,2025-09,COOPERATIVA DE AHORRO Y CREDITO SANTA ROSA DE PATUTAN LTDA,e. 121 - 180 DIAS,8.60926997799764,
224760,2025-09,COOPERATIVA DE AHORRO Y CREDITO SANTA ROSA DE PATUTAN LTDA,f. 181 - 360 DIAS,9.387565392283921,
224761,2025-09,COOPERATIVA DE AHORRO Y CREDITO SANTA ROSA DE PATUTAN LTDA,g. MAS DE 360 DIAS,11.369469226984151,
224762,2025-09,COOPERATIVA DE AHORRO Y CREDITO SANTA ROSA LIMITADA,a. MENOS DE 30 DIAS,1.8,BBB+
224763,2025-09,COOPERATIVA DE AHORRO Y CREDITO SANTA ROSA LIMITADA,b. 30 - 60 DIAS,4.597265539125004,BBB+
224764,2025-09,COOPERATIVA DE AHORRO Y CREDITO SANTA ROSA LIMITADA,c. 61 - 90 DIAS,4.123661852233352,BBB+
224765,2025-09,COOPERATIVA DE AHORRO Y CREDITO SANTA ROSA LIMITADA,d. 91 - 120 DIAS,5.412053133955097,BBB+
224766,2025-09,COOPERATIVA DE AHORRO Y CREDITO SANTA ROSA LIMITADA,e. 121 - 180 DIAS,5.086365810254699,BBB+
224767,2025-09,COOPERATIVA DE AHORRO Y CREDITO SANTA ROSA LIMITADA,f. 181 - 360 DIAS,6.866194995967048,BBB+
224768,2025-09,COOPERATIVA DE AHORRO Y CREDITO SANTA ROSA LIMITADA,g. MAS DE 360 DIAS,7.868183919795754,BBB+
224769,2025-09,COOPERATIVA DE AHORRO Y CREDITO SARAGUROS,a. MENOS DE 30 DIAS,2.75,
224770,2025-09,COOPERATIVA DE AHORRO Y CREDITO SARAGUROS,b. 30 - 60 DIAS,4.763338387868075,
224771,2025-09,COOPERATIVA DE AHORRO Y CREDITO SARAGUROS,c. 61 - 90 DIAS,5.13,
224772,2025-09,COOPERATIVA DE AHORRO Y CREDITO SARAGUROS,d. 91 - 120 DIAS,6.1733276660309855,
224773,2025-09,COOPERATIVA DE AHORRO Y CREDITO SARAGUROS,e. 121 - 180 DIAS,7.25,
224774,2025-09,COOPERATIVA DE AHORRO Y CREDITO SARAGUROS,f. 181 - 360 DIAS,8.117460230961855,
224775,2025-09,COOPERATIVA DE AHORRO Y CREDITO SARAGUROS,g. MAS DE 360 DIAS,9.771855368973664,
224776,2025-09,COOPERATIVA DE AHORRO Y CREDITO SEGURACOOP,a. MENOS DE 30 DIAS,4.99081635923764,
224777,2025-09,COOPERATIVA DE AHORRO Y CREDITO SEGURACOOP,b. 30 - 60 DIAS,3.86,
224778,2025-09,COOPERATIVA DE AHORRO Y CREDITO SEGURACOOP,c. 61 - 90 DIAS,3.86,
224779,2025-09,COOPERATIVA DE AHORRO Y CREDITO SEGURACOOP,d. 91 - 120 DIAS,3.03,
224780,2025-09,COOPERATIVA DE AHORRO Y CREDITO SEGURACOOP,f. 181 - 360 DIAS,9.72,
224781,2025-09,COOPERATIVA DE AHORRO Y CREDITO SEGURACOOP,g. MAS DE 360 DIAS,10.0360707695456,
224782,2025-09,COOPERATIVA DE AHORRO Y CREDITO SERVICOOP,a. MENOS DE 30 DIAS,0.46561654073605,
224783,2025-09,COOPERATIVA DE AHORRO Y CREDITO SERVIDORES DE LA UNIVERSIDAD TECNICA DE MACHALA,a. MENOS DE 30 DIAS,1.0,
224784,2025-09,COOPERATIVA DE AHORRO Y CREDITO SERVIDORES MUNICIPALES DE AMBATO LTDA,a. MENOS DE 30 DIAS,2.5,
224785,2025-09,COOPERATIVA DE AHORRO Y CREDITO SERVIDORES MUNICIPALES DE AMBATO LTDA,b. 30 - 60 DIAS,5.11,
224786,2025-09,COOPERATIVA DE AHORRO Y CREDITO SERVIDORES MUNICIPALES DE AMBATO LTDA,e. 121 - 180 DIAS,8.16,
224787,2025-09,COOPERATIVA DE AHORRO Y CREDITO SERVIDORES MUNICIPALES DE AMBATO LTDA,f. 181 - 360 DIAS,8.47826086956522,
224788,2025-09,COOPERATIVA DE AHORRO Y CREDITO SERVIDORES MUNICIPALES DE AMBATO LTDA,g. MAS DE 360 DIAS,9.10465721670691,
224789,2025-09,COOPERATIVA DE AHORRO Y CREDITO SERVIDORES MUNICIPALES DE LOJA LTDA,a. MENOS DE 30 DIAS,5.0,
224790,2025-09,COOPERATIVA DE AHORRO Y CREDITO SEÑOR DE GIRON,a. MENOS DE 30 DIAS,2.30257849944283,
224791,2025-09,COOPERATIVA DE AHORRO Y CREDITO SEÑOR DE GIRON,b. 30 - 60 DIAS,5.56403948735729,
224792,2025-09,COOPERATIVA DE AHORRO Y CREDITO SEÑOR DE GIRON,c. 61 - 90 DIAS,5.795486385694015,
224793,2025-09,COOPERATIVA DE AHORRO Y CREDITO SEÑOR DE GIRON,d. 91 - 120 DIAS,6.11799709605006,
224794,2025-09,COOPERATIVA DE AHORRO Y CREDITO SEÑOR DE GIRON,e. 121 - 180 DIAS,6.508832426395304,
224795,2025-09,COOPERATIVA DE AHORRO Y CREDITO SEÑOR DE GIRON,f. 181 - 360 DIAS,7.201054466269705,
224796,2025-09,COOPERATIVA DE AHORRO Y CREDITO SEÑOR DE GIRON,g. MAS DE 360 DIAS,8.24028217569837,
224797,2025-09,COOPERATIVA DE AHORRO Y CREDITO SEÑOR DEL ARBOL,a. MENOS DE 30 DIAS,2.38674638832317,
224798,2025-09,COOPERATIVA DE AHORRO Y CREDITO SEÑOR DEL ARBOL,c. 61 - 90 DIAS,9.33637741288203,
224799,2025-09,COOPERATIVA DE AHORRO Y CREDITO SEÑOR DEL ARBOL,d. 91 - 120 DIAS,10.20656461531355,
224800,2025-09,COOPERATIVA DE AHORRO Y CREDITO SEÑOR DEL ARBOL,e. 121 - 180 DIAS,10.198158626639799,
224801,2025-09,COOPERATIVA DE AHORRO Y CREDITO SEÑOR DEL ARBOL,f. 181 - 360 DIAS,10.6147446528408,
224802,2025-09,COOPERATIVA DE AHORRO Y CREDITO SEÑOR DEL ARBOL,g. MAS DE 360 DIAS,11.94619325635325,
224803,2025-09,COOPERATIVA DE AHORRO Y CREDITO SIDETAMC,a. MENOS DE 30 DIAS,1.1,
224804,2025-09,COOPERATIVA DE AHORRO Y CREDITO SIDETAMC,f. 181 - 360 DIAS,7.40808019675452,
224805,2025-09,COOPERATIVA DE AHORRO Y CREDITO SIDETAMC,g. MAS DE 360 DIAS,8.71700177935943,
224806,2025-09,COOPERATIVA DE AHORRO Y CREDITO SIERRA CENTRO LTDA,a. MENOS DE 30 DIAS,1.19455471601462,
224807,2025-09,COOPERATIVA DE AHORRO Y CREDITO SIERRA CENTRO LTDA,b. 30 - 60 DIAS,4.59,
224808,2025-09,COOPERATIVA DE AHORRO Y CREDITO SIERRA CENTRO LTDA,c. 61 - 90 DIAS,7.815907298922789,
224809,2025-09,COOPERATIVA DE AHORRO Y CREDITO SIERRA CENTRO LTDA,d. 91 - 120 DIAS,8.534437701191765,
224810,2025-09,COOPERATIVA DE AHORRO Y CREDITO SIERRA CENTRO LTDA,e. 121 - 180 DIAS,8.623737862327582,
224811,2025-09,COOPERATIVA DE AHORRO Y CREDITO SIERRA CENTRO LTDA,f. 181 - 360 DIAS,10.375615282796618,
224812,2025-09,COOPERATIVA DE AHORRO Y CREDITO SIERRA CENTRO LTDA,g. MAS DE 360 DIAS,12.199554934377302,
224813,2025-09,COOPERATIVA DE AHORRO Y CREDITO SIMIATUG LIMITADA,a. MENOS DE 30 DIAS,1.0,
224814,2025-09,COOPERATIVA DE AHORRO Y CREDITO SIMIATUG LIMITADA,b. 30 - 60 DIAS,5.74587352210857,
224815,2025-09,COOPERATIVA DE AHORRO Y CREDITO SIMIATUG LIMITADA,c. 61 - 90 DIAS,7.272978723404255,
224816,2025-09,COOPERATIVA DE AHORRO Y CREDITO SIMIATUG LIMITADA,d. 91 - 120 DIAS,8.2117326581612,
224817,2025-09,COOPERATIVA DE AHORRO Y CREDITO SIMIATUG LIMITADA,e. 121 - 180 DIAS,8.328447146439505,
224818,2025-09,COOPERATIVA DE AHORRO Y CREDITO SIMIATUG LIMITADA,f. 181 - 360 DIAS,10.04425225727611,
224819,2025-09,COOPERATIVA DE AHORRO Y CREDITO SIMIATUG LIMITADA,g. MAS DE 360 DIAS,12.460408725451,
224820,2025-09,COOPERATIVA DE AHORRO Y CREDITO SIMON BOLIVAR,a. MENOS DE 30 DIAS,0.613867449764349,
224821,2025-09,COOPERATIVA DE AHORRO Y CREDITO SIMON BOLIVAR,b. 30 - 60 DIAS,6.21078689764753,
224822,2025-09,COOPERATIVA DE AHORRO Y CREDITO SIMON BOLIVAR,c. 61 - 90 DIAS,6.57492136173601,
224823,2025-09,COOPERATIVA DE AHORRO Y CREDITO SIMON BOLIVAR,e. 121 - 180 DIAS,7.98,
224824,2025-09,COOPERATIVA DE AHORRO Y CREDITO SIMON BOLIVAR,f. 181 - 360 DIAS,8.66362871179222,
224825,2025-09,COOPERATIVA DE AHORRO Y CREDITO SIMON BOLIVAR,g. MAS DE 360 DIAS,9.7296579903886,
224826,2025-09,COOPERATIVA DE AHORRO Y CREDITO SISA,a. MENOS DE 30 DIAS,0.01,
224827,2025-09,COOPERATIVA DE AHORRO Y CREDITO SISA,d. 91 - 120 DIAS,7.13789282366498,
224828,2025-09,COOPERATIVA DE AHORRO Y CREDITO SISA,e. 121 - 180 DIAS,7.623552525740027,
224829,2025-09,COOPERATIVA DE AHORRO Y CREDITO SISA,f. 181 - 360 DIAS,8.241458791208524,
224830,2025-09,COOPERATIVA DE AHORRO Y CREDITO SISA,g. MAS DE 360 DIAS,9.965863561355958,
224831,2025-09,COOPERATIVA DE AHORRO Y CREDITO SOL DE LOS ANDES LTDA CHIMBORAZO,a. MENOS DE 30 DIAS,0.5,
224832,2025-09,COOPERATIVA DE AHORRO Y CREDITO SOL DE LOS ANDES LTDA CHIMBORAZO,b. 30 - 60 DIAS,6.17,
224833,2025-09,COOPERATIVA DE AHORRO Y CREDITO SOL DE LOS ANDES LTDA CHIMBORAZO,c. 61 - 90 DIAS,6.605098048942023,
224834,2025-09,COOPERATIVA DE AHORRO Y CREDITO SOL DE LOS ANDES LTDA CHIMBORAZO,d. 91 - 120 DIAS,7.087325660265407,
224835,2025-09,COOPERATIVA DE AHORRO Y CREDITO SOL DE LOS ANDES LTDA CHIMBORAZO,e. 121 - 180 DIAS,7.7986885450343335,
224836,2025-09,COOPERATIVA DE AHORRO Y CREDITO SOL DE LOS ANDES LTDA CHIMBORAZO,f. 181 - 360 DIAS,9.11443625548465,
224837,2025-09,COOPERATIVA DE AHORRO Y CREDITO SOL DE LOS ANDES LTDA CHIMBORAZO,g. MAS DE 360 DIAS,9.942194464567336,
224838,2025-09,COOPERATIVA DE AHORRO Y CREDITO SOLIDARIA LTDA,a. MENOS DE 30 DIAS,1.0,
224839,2025-09,COOPERATIVA DE AHORRO Y CREDITO SOLIDARIA LTDA,b. 30 - 60 DIAS,8.610369884821766,
224840,2025-09,COOPERATIVA DE AHORRO Y CREDITO SOLIDARIA LTDA,d. 91 - 120 DIAS,10.277383399339099,
224841,2025-09,COOPERATIVA DE AHORRO Y CREDITO SOLIDARIA LTDA,e. 121 - 180 DIAS,9.050714285714285,
224842,2025-09,COOPERATIVA DE AHORRO Y CREDITO SOLIDARIA LTDA,f. 181 - 360 DIAS,9.580396196335549,
224843,2025-09,COOPERATIVA DE AHORRO Y CREDITO SOLIDARIA LTDA-COTOPAXI,a. MENOS DE 30 DIAS,0.75,
224844,2025-09,COOPERATIVA DE AHORRO Y CREDITO SOLIDARIA LTDA-COTOPAXI,b. 30 - 60 DIAS,8.026553704767375,
224845,2025-09,COOPERATIVA DE AHORRO Y CREDITO SOLIDARIA LTDA-COTOPAXI,c. 61 - 90 DIAS,7.73,
224846,2025-09,COOPERATIVA DE AHORRO Y CREDITO SOLIDARIA LTDA-COTOPAXI,d. 91 - 120 DIAS,8.217500000000001,
224847,2025-09,COOPERATIVA DE AHORRO Y CREDITO SOLIDARIA LTDA-COTOPAXI,f. 181 - 360 DIAS,8.6678861788618,
224848,2025-09,COOPERATIVA DE AHORRO Y CREDITO SOLIDARIA LTDA-COTOPAXI,g. MAS DE 360 DIAS,9.94726183444435,
224849,2025-09,COOPERATIVA DE AHORRO Y CREDITO SOLIDARIDAD UNION Y PROGRESO SUP LTDA,a. MENOS DE 30 DIAS,2.25,
224850,2025-09,COOPERATIVA DE AHORRO Y CREDITO SOLIDARIDAD Y PROGRESO ORIENTAL,a. MENOS DE 30 DIAS,3.0,
224851,2025-09,COOPERATIVA DE AHORRO Y CREDITO SOLIDARIDAD Y PROGRESO ORIENTAL,b. 30 - 60 DIAS,6.26571428571429,
224852,2025-09,COOPERATIVA DE AHORRO Y CREDITO SOLIDARIDAD Y PROGRESO ORIENTAL,d. 91 - 120 DIAS,8.34294266272395,
224853,2025-09,COOPERATIVA DE AHORRO Y CREDITO SOLIDARIDAD Y PROGRESO ORIENTAL,e. 121 - 180 DIAS,5.90238095238095,
224854,2025-09,COOPERATIVA DE AHORRO Y CREDITO SOLIDARIDAD Y PROGRESO ORIENTAL,f. 181 - 360 DIAS,8.00785609397944,
224855,2025-09,COOPERATIVA DE AHORRO Y CREDITO SOLIDARIDAD Y PROGRESO ORIENTAL,g. MAS DE 360 DIAS,10.7286024979876,
224856,2025-09,COOPERATIVA DE AHORRO Y CREDITO SUMAC LLACTA LTDA,a. MENOS DE 30 DIAS,2.0,
224857,2025-09,COOPERATIVA DE AHORRO Y CREDITO SUMAC LLACTA LTDA,b. 30 - 60 DIAS,7.874043014691986,
224858,2025-09,COOPERATIVA DE AHORRO Y CREDITO SUMAC LLACTA LTDA,c. 61 - 90 DIAS,8.432216301386044,
224859,2025-09,COOPERATIVA DE AHORRO Y CREDITO SUMAC LLACTA LTDA,d. 91 - 120 DIAS,9.812785012336919,
224860,2025-09,COOPERATIVA DE AHORRO Y CREDITO SUMAC LLACTA LTDA,e. 121 - 180 DIAS,9.991701205704134,
224861,2025-09,COOPERATIVA DE AHORRO Y CREDITO SUMAC LLACTA LTDA,f. 181 - 360 DIAS,10.606234030113175,
224862,2025-09,COOPERATIVA DE AHORRO Y CREDITO SUMAC LLACTA LTDA,g. MAS DE 360 DIAS,11.501639171564234,
224863,2025-09,COOPERATIVA DE AHORRO Y CREDITO SUMAK KAWSAY LTDA,a. MENOS DE 30 DIAS,0.05,
224864,2025-09,COOPERATIVA DE AHORRO Y CREDITO SUMAK KAWSAY LTDA,c. 61 - 90 DIAS,6.218067687743506,
224865,2025-09,COOPERATIVA DE AHORRO Y CREDITO SUMAK KAWSAY LTDA,d. 91 - 120 DIAS,6.0384264624730895,
224866,2025-09,COOPERATIVA DE AHORRO Y CREDITO SUMAK KAWSAY LTDA,e. 121 - 180 DIAS,6.850697005104596,
224867,2025-09,COOPERATIVA DE AHORRO Y CREDITO SUMAK KAWSAY LTDA,f. 181 - 360 DIAS,8.067821327195343,
224868,2025-09,COOPERATIVA DE AHORRO Y CREDITO SUMAK KAWSAY LTDA,g. MAS DE 360 DIAS,10.21544254521043,
224869,2025-09,COOPERATIVA DE AHORRO Y CREDITO SUMAK SAMY LTDA,a. MENOS DE 30 DIAS,0.3,
224870,2025-09,COOPERATIVA DE AHORRO Y CREDITO SUMAK SAMY LTDA,b. 30 - 60 DIAS,6.65454827537303,
224871,2025-09,COOPERATIVA DE AHORRO Y CREDITO SUMAK SAMY LTDA,c. 61 - 90 DIAS,10.0506014008046,
224872,2025-09,COOPERATIVA DE AHORRO Y CREDITO SUMAK SAMY LTDA,d. 91 - 120 DIAS,9.29724716170471,
224873,2025-09,COOPERATIVA DE AHORRO Y CREDITO SUMAK SAMY LTDA,e. 121 - 180 DIAS,9.99511270219861,
224874,2025-09,COOPERATIVA DE AHORRO Y CREDITO SUMAK SAMY LTDA,f. 181 - 360 DIAS,9.93735374828466,
224875,2025-09,COOPERATIVA DE AHORRO Y CREDITO SUMAK SAMY LTDA,g. MAS DE 360 DIAS,12.4963119307322,
224876,2025-09,COOPERATIVA DE AHORRO Y CREDITO SURANGAY LTDA,a. MENOS DE 30 DIAS,1.0,
224877,2025-09,COOPERATIVA DE AHORRO Y CREDITO SURANGAY LTDA,c. 61 - 90 DIAS,7.188185448175255,
224878,2025-09,COOPERATIVA DE AHORRO Y CREDITO SURANGAY LTDA,d. 91 - 120 DIAS,8.05376344086022,
224879,2025-09,COOPERATIVA DE AHORRO Y CREDITO SURANGAY LTDA,f. 181 - 360 DIAS,8.20004189359028,
224880,2025-09,COOPERATIVA DE AHORRO Y CREDITO SURANGAY LTDA,g. MAS DE 360 DIAS,9.625340334500201,
224881,2025-09,COOPERATIVA DE AHORRO Y CREDITO TENA LTDA,a. MENOS DE 30 DIAS,1.34249792436642,
224882,2025-09,COOPERATIVA DE AHORRO Y CREDITO TENA LTDA,b. 30 - 60 DIAS,5.11194662068316,
224883,2025-09,COOPERATIVA DE AHORRO Y CREDITO TENA LTDA,c. 61 - 90 DIAS,5.1,
224884,2025-09,COOPERATIVA DE AHORRO Y CREDITO TENA LTDA,d. 91 - 120 DIAS,5.60980223416161,
224885,2025-09,COOPERATIVA DE AHORRO Y CREDITO TENA LTDA,e. 121 - 180 DIAS,5.599615384615385,
224886,2025-09,COOPERATIVA DE AHORRO Y CREDITO TENA LTDA,f. 181 - 360 DIAS,6.820685791644127,
224887,2025-09,COOPERATIVA DE AHORRO Y CREDITO TENA LTDA,g. MAS DE 360 DIAS,7.985922289607177,
224888,2025-09,COOPERATIVA DE AHORRO Y CREDITO TEXTIL 14 DE MARZO,a. MENOS DE 30 DIAS,1.0,
224889,2025-09,COOPERATIVA DE AHORRO Y CREDITO TEXTIL 14 DE MARZO,b. 30 - 60 DIAS,5.184059977330305,
224890,2025-09,COOPERATIVA DE AHORRO Y CREDITO TEXTIL 14 DE MARZO,c. 61 - 90 DIAS,5.401472785363524,
224891,2025-09,COOPERATIVA DE AHORRO Y CREDITO TEXTIL 14 DE MARZO,d. 91 - 120 DIAS,5.824318589822877,
224892,2025-09,COOPERATIVA DE AHORRO Y CREDITO TEXTIL 14 DE MARZO,e. 121 - 180 DIAS,6.596117565525463,
224893,2025-09,COOPERATIVA DE AHORRO Y CREDITO TEXTIL 14 DE MARZO,f. 181 - 360 DIAS,6.624051648832058,
224894,2025-09,COOPERATIVA DE AHORRO Y CREDITO TEXTIL 14 DE MARZO,g. MAS DE 360 DIAS,9.10789638511533,
224895,2025-09,COOPERATIVA DE AHORRO Y CREDITO TULCAN LIMITADA,a. MENOS DE 30 DIAS,0.68816807428428,AA+
224896,2025-09,COOPERATIVA DE AHORRO Y CREDITO TULCAN LIMITADA,b. 30 - 60 DIAS,4.162037329756579,AA+
224897,2025-09,COOPERATIVA DE AHORRO Y CREDITO TULCAN LIMITADA,c. 61 - 90 DIAS,3.9655997871247815,AA+
224898,2025-09,COOPERATIVA DE AHORRO Y CREDITO TULCAN LIMITADA,d. 91 - 120 DIAS,5.11593566530536,AA+
224899,2025-09,COOPERATIVA DE AHORRO Y CREDITO TULCAN LIMITADA,e. 121 - 180 DIAS,5.285881734791458,AA+
224900,2025-09,COOPERATIVA DE AHORRO Y CREDITO TULCAN LIMITADA,f. 181 - 360 DIAS,5.901984355573066,AA+
224901,2025-09,COOPERATIVA DE AHORRO Y CREDITO TULCAN LIMITADA,g. MAS DE 360 DIAS,7.62466824553087,AA+
224902,2025-09,COOPERATIVA DE AHORRO Y CREDITO UNIBLOCK Y SERVICIOS LTDA,a. MENOS DE 30 DIAS,1.33,
224903,2025-09,COOPERATIVA DE AHORRO Y CREDITO UNIBLOCK Y SERVICIOS LTDA,b. 30 - 60 DIAS,7.3451932356217355,
224904,2025-09,COOPERATIVA DE AHORRO Y CREDITO UNIBLOCK Y SERVICIOS LTDA,c. 61 - 90 DIAS,6.99432035155448,
224905,2025-09,COOPERATIVA DE AHORRO Y CREDITO UNIBLOCK Y SERVICIOS LTDA,d. 91 - 120 DIAS,7.42146386149598,
224906,2025-09,COOPERATIVA DE AHORRO Y CREDITO UNIBLOCK Y SERVICIOS LTDA,e. 121 - 180 DIAS,8.74764692117532,
224907,2025-09,COOPERATIVA DE AHORRO Y CREDITO UNIBLOCK Y SERVICIOS LTDA,f. 181 - 360 DIAS,7.47455149690394,
224908,2025-09,COOPERATIVA DE AHORRO Y CREDITO UNIBLOCK Y SERVICIOS LTDA,g. MAS DE 360 DIAS,11.12771649800305,
224909,2025-09,COOPERATIVA DE AHORRO Y CREDITO UNIDAD Y PROGRESO,a. MENOS DE 30 DIAS,1.0,
224910,2025-09,COOPERATIVA DE AHORRO Y CREDITO UNIDAD Y PROGRESO,c. 61 - 90 DIAS,5.81736108633826,
224911,2025-09,COOPERATIVA DE AHORRO Y CREDITO UNIDAD Y PROGRESO,d. 91 - 120 DIAS,6.0,
224912,2025-09,COOPERATIVA DE AHORRO Y CREDITO UNIDAD Y PROGRESO,e. 121 - 180 DIAS,6.0,
224913,2025-09,COOPERATIVA DE AHORRO Y CREDITO UNIDAD Y PROGRESO,f. 181 - 360 DIAS,7.0,
224914,2025-09,COOPERATIVA DE AHORRO Y CREDITO UNIDAD Y PROGRESO,g. MAS DE 360 DIAS,10.4755094496132,
224915,2025-09,COOPERATIVA DE AHORRO Y CREDITO UNION EL EJIDO,a. MENOS DE 30 DIAS,2.0,
224916,2025-09,COOPERATIVA DE AHORRO Y CREDITO UNION EL EJIDO,b. 30 - 60 DIAS,5.949978102997422,
224917,2025-09,COOPERATIVA DE AHORRO Y CREDITO UNION EL EJIDO,c. 61 - 90 DIAS,7.02676850075274,
224918,2025-09,COOPERATIVA DE AHORRO Y CREDITO UNION EL EJIDO,d. 91 - 120 DIAS,6.836037236589412,
224919,2025-09,COOPERATIVA DE AHORRO Y CREDITO UNION EL EJIDO,e. 121 - 180 DIAS,7.947852227619736,
224920,2025-09,COOPERATIVA DE AHORRO Y CREDITO UNION EL EJIDO,f. 181 - 360 DIAS,7.93234722440202,
224921,2025-09,COOPERATIVA DE AHORRO Y CREDITO UNION EL EJIDO,g. MAS DE 360 DIAS,9.47370420063398,
224922,2025-09,COOPERATIVA DE AHORRO Y CREDITO UNION FAMILIAR,a. MENOS DE 30 DIAS,2.0,
224923,2025-09,COOPERATIVA DE AHORRO Y CREDITO UNION FAMILIAR,c. 61 - 90 DIAS,5.09,
224924,2025-09,COOPERATIVA DE AHORRO Y CREDITO UNION FAMILIAR,g. MAS DE 360 DIAS,8.81999024549581,
224925,2025-09,COOPERATIVA DE AHORRO Y CREDITO UNION POPULAR LTDA,a. MENOS DE 30 DIAS,1.10426496063391,
224926,2025-09,COOPERATIVA DE AHORRO Y CREDITO UNION POPULAR LTDA,b. 30 - 60 DIAS,7.50329180325502,
224927,2025-09,COOPERATIVA DE AHORRO Y CREDITO UNION POPULAR LTDA,c. 61 - 90 DIAS,7.23,
224928,2025-09,COOPERATIVA DE AHORRO Y CREDITO UNION POPULAR LTDA,d. 91 - 120 DIAS,8.866226748755906,
224929,2025-09,COOPERATIVA DE AHORRO Y CREDITO UNION POPULAR LTDA,f. 181 - 360 DIAS,9.27606032481916,
224930,2025-09,COOPERATIVA DE AHORRO Y CREDITO UNION POPULAR LTDA,g. MAS DE 360 DIAS,10.0039295750287,
224931,2025-09,COOPERATIVA DE AHORRO Y CREDITO UNIOTAVALO LTDA,a. MENOS DE 30 DIAS,2.2083875040295,
224932,2025-09,COOPERATIVA DE AHORRO Y CREDITO UNIOTAVALO LTDA,b. 30 - 60 DIAS,10.53750696496837,
224933,2025-09,COOPERATIVA DE AHORRO Y CREDITO UNIOTAVALO LTDA,c. 61 - 90 DIAS,8.18849191450434,
224934,2025-09,COOPERATIVA DE AHORRO Y CREDITO UNIOTAVALO LTDA,d. 91 - 120 DIAS,9.80442375400587,
224935,2025-09,COOPERATIVA DE AHORRO Y CREDITO UNIOTAVALO LTDA,e. 121 - 180 DIAS,9.945999776733615,
224936,2025-09,COOPERATIVA DE AHORRO Y CREDITO UNIOTAVALO LTDA,f. 181 - 360 DIAS,11.0696202930986,
224937,2025-09,COOPERATIVA DE AHORRO Y CREDITO UNIOTAVALO LTDA,g. MAS DE 360 DIAS,11.39468574149995,
224938,2025-09,COOPERATIVA DE AHORRO Y CREDITO UNIVERSIDAD CATOLICA DEL ECUADOR,a. MENOS DE 30 DIAS,1.80514070580363,
224939,2025-09,COOPERATIVA DE AHORRO Y CREDITO UNIVERSIDAD CATOLICA DEL ECUADOR,b. 30 - 60 DIAS,4.8,
224940,2025-09,COOPERATIVA DE AHORRO Y CREDITO UNIVERSIDAD CATOLICA DEL ECUADOR,c. 61 - 90 DIAS,5.2,
224941,2025-09,COOPERATIVA DE AHORRO Y CREDITO UNIVERSIDAD CATOLICA DEL ECUADOR,d. 91 - 120 DIAS,5.7,
224942,2025-09,COOPERATIVA DE AHORRO Y CREDITO UNIVERSIDAD CATOLICA DEL ECUADOR,e. 121 - 180 DIAS,5.7,
224943,2025-09,COOPERATIVA DE AHORRO Y CREDITO UNIVERSIDAD CATOLICA DEL ECUADOR,f. 181 - 360 DIAS,6.2,
224944,2025-09,COOPERATIVA DE AHORRO Y CREDITO UNIVERSIDAD CATOLICA DEL ECUADOR,g. MAS DE 360 DIAS,7.08503850295385,
224945,2025-09,COOPERATIVA DE AHORRO Y CREDITO UNIVERSIDAD DE GUAYAQUIL LTDA,d. 91 - 120 DIAS,7.16,
224946,2025-09,COOPERATIVA DE AHORRO Y CREDITO UNIVERSIDAD DE GUAYAQUIL LTDA,f. 181 - 360 DIAS,8.05,
224947,2025-09,COOPERATIVA DE AHORRO Y CREDITO UNIVERSIDAD DE GUAYAQUIL LTDA,g. MAS DE 360 DIAS,7.5,
224948,2025-09,COOPERATIVA DE AHORRO Y CREDITO UNIVERSIDAD TECNICA DE AMBATO LTDA,a. MENOS DE 30 DIAS,2.0,
224949,2025-09,COOPERATIVA DE AHORRO Y CREDITO UNIVERSIDAD TECNICA DE AMBATO LTDA,d. 91 - 120 DIAS,5.22054054054054,
224950,2025-09,COOPERATIVA DE AHORRO Y CREDITO UNIVERSIDAD TECNICA DE AMBATO LTDA,g. MAS DE 360 DIAS,8.40211017373686,
224951,2025-09,COOPERATIVA DE AHORRO Y CREDITO URBADIEZ,a. MENOS DE 30 DIAS,3.0,
224952,2025-09,COOPERATIVA DE AHORRO Y CREDITO URBADIEZ,g. MAS DE 360 DIAS,9.0,
224953,2025-09,COOPERATIVA DE AHORRO Y CREDITO USUARIOS DEL AGUA MARIA INMACULADA LTDA,a. MENOS DE 30 DIAS,1.0,
224954,2025-09,COOPERATIVA DE AHORRO Y CREDITO USUARIOS DEL AGUA MARIA INMACULADA LTDA,d. 91 - 120 DIAS,8.27943837573467,
224955,2025-09,COOPERATIVA DE AHORRO Y CREDITO USUARIOS DEL AGUA MARIA INMACULADA LTDA,e. 121 - 180 DIAS,9.238398576854541,
224956,2025-09,COOPERATIVA DE AHORRO Y CREDITO USUARIOS DEL AGUA MARIA INMACULADA LTDA,f. 181 - 360 DIAS,8.94327764117928,
224957,2025-09,COOPERATIVA DE AHORRO Y CREDITO USUARIOS DEL AGUA MARIA INMACULADA LTDA,g. MAS DE 360 DIAS,8.50206948474788,
224958,2025-09,COOPERATIVA DE AHORRO Y CREDITO VALLES DEL LIRIO AICEP,b. 30 - 60 DIAS,8.485127350907325,
224959,2025-09,COOPERATIVA DE AHORRO Y CREDITO VALLES DEL LIRIO AICEP,c. 61 - 90 DIAS,9.386391319064765,
224960,2025-09,COOPERATIVA DE AHORRO Y CREDITO VALLES DEL LIRIO AICEP,d. 91 - 120 DIAS,9.760446573589734,
224961,2025-09,COOPERATIVA DE AHORRO Y CREDITO VALLES DEL LIRIO AICEP,e. 121 - 180 DIAS,10.401874233853155,
224962,2025-09,COOPERATIVA DE AHORRO Y CREDITO VALLES DEL LIRIO AICEP,f. 181 - 360 DIAS,10.04342030662921,
224963,2025-09,COOPERATIVA DE AHORRO Y CREDITO VALLES DEL LIRIO AICEP,g. MAS DE 360 DIAS,11.231346257163295,
224964,2025-09,COOPERATIVA DE AHORRO Y CREDITO VENCEDORES LTDA,a. MENOS DE 30 DIAS,1.51583439636502,
224965,2025-09,COOPERATIVA DE AHORRO Y CREDITO VENCEDORES LTDA,b. 30 - 60 DIAS,4.00833113564875,
224966,2025-09,COOPERATIVA DE AHORRO Y CREDITO VENCEDORES LTDA,c. 61 - 90 DIAS,5.1000000000000005,
224967,2025-09,COOPERATIVA DE AHORRO Y CREDITO VENCEDORES LTDA,d. 91 - 120 DIAS,6.137700115014653,
224968,2025-09,COOPERATIVA DE AHORRO Y CREDITO VENCEDORES LTDA,e. 121 - 180 DIAS,6.383894928402872,
224969,2025-09,COOPERATIVA DE AHORRO Y CREDITO VENCEDORES LTDA,f. 181 - 360 DIAS,7.5683646946508025,
224970,2025-09,COOPERATIVA DE AHORRO Y CREDITO VENCEDORES LTDA,g. MAS DE 360 DIAS,9.819248585339402,
224971,2025-09,COOPERATIVA DE AHORRO Y CREDITO VICENTINA MANUEL ESTEBAN GODOY ORTEGA LIMITADA,a. MENOS DE 30 DIAS,1.93051407001964,A+
224972,2025-09,COOPERATIVA DE AHORRO Y CREDITO VICENTINA MANUEL ESTEBAN GODOY ORTEGA LIMITADA,b. 30 - 60 DIAS,3.882895241814368,A+
224973,2025-09,COOPERATIVA DE AHORRO Y CREDITO VICENTINA MANUEL ESTEBAN GODOY ORTEGA LIMITADA,c. 61 - 90 DIAS,4.022202716999115,A+
224974,2025-09,COOPERATIVA DE AHORRO Y CREDITO VICENTINA MANUEL ESTEBAN GODOY ORTEGA LIMITADA,d. 91 - 120 DIAS,4.759725843263137,A+
224975,2025-09,COOPERATIVA DE AHORRO Y CREDITO VICENTINA MANUEL ESTEBAN GODOY ORTEGA LIMITADA,e. 121 - 180 DIAS,4.95145702231711,A+
224976,2025-09,COOPERATIVA DE AHORRO Y CREDITO VICENTINA MANUEL ESTEBAN GODOY ORTEGA LIMITADA,f. 181 - 360 DIAS,5.789533413242546,A+
224977,2025-09,COOPERATIVA DE AHORRO Y CREDITO VICENTINA MANUEL ESTEBAN GODOY ORTEGA LIMITADA,g. MAS DE 360 DIAS,6.585008787717765,A+
224978,2025-09,COOPERATIVA DE AHORRO Y CREDITO VILCABAMBA CACVIL,a. MENOS DE 30 DIAS,1.0,
224979,2025-09,COOPERATIVA DE AHORRO Y CREDITO VILCABAMBA CACVIL,b. 30 - 60 DIAS,7.79159328840879,
224980,2025-09,COOPERATIVA DE AHORRO Y CREDITO VILCABAMBA CACVIL,c. 61 - 90 DIAS,6.24,
224981,2025-09,COOPERATIVA DE AHORRO Y CREDITO VILCABAMBA CACVIL,d. 91 - 120 DIAS,7.91134031582563,
224982,2025-09,COOPERATIVA DE AHORRO Y CREDITO VILCABAMBA CACVIL,e. 121 - 180 DIAS,7.64,
224983,2025-09,COOPERATIVA DE AHORRO Y CREDITO VILCABAMBA CACVIL,f. 181 - 360 DIAS,8.93325905154416,
224984,2025-09,COOPERATIVA DE AHORRO Y CREDITO VILCABAMBA CACVIL,g. MAS DE 360 DIAS,9.51223535172402,
224985,2025-09,COOPERATIVA DE AHORRO Y CREDITO VIRGEN DEL CISNE,a. MENOS DE 30 DIAS,1.97360278608448,AA-
224986,2025-09,COOPERATIVA DE AHORRO Y CREDITO VIRGEN DEL CISNE,b. 30 - 60 DIAS,4.13,AA-
224987,2025-09,COOPERATIVA DE AHORRO Y CREDITO VIRGEN DEL CISNE,c. 61 - 90 DIAS,5.102640829707811,AA-
224988,2025-09,COOPERATIVA DE AHORRO Y CREDITO VIRGEN DEL CISNE,d. 91 - 120 DIAS,6.019919128347044,AA-
224989,2025-09,COOPERATIVA DE AHORRO Y CREDITO VIRGEN DEL CISNE,e. 121 - 180 DIAS,6.3666582954855295,AA-
224990,2025-09,COOPERATIVA DE AHORRO Y CREDITO VIRGEN DEL CISNE,f. 181 - 360 DIAS,7.747804904476264,AA-
224991,2025-09,COOPERATIVA DE AHORRO Y CREDITO VIRGEN DEL CISNE,g. MAS DE 360 DIAS,8.875444367126743,AA-
224992,2025-09,COOPERATIVA DE AHORRO Y CREDITO VISION DE LOS ANDES VIS ANDES,a. MENOS DE 30 DIAS,0.929330913803085,
224993,2025-09,COOPERATIVA DE AHORRO Y CREDITO VISION DE LOS ANDES VIS ANDES,c. 61 - 90 DIAS,5.92,
224994,2025-09,COOPERATIVA DE AHORRO Y CREDITO VISION DE LOS ANDES VIS ANDES,d. 91 - 120 DIAS,6.960290933321121,
224995,2025-09,COOPERATIVA DE AHORRO Y CREDITO VISION DE LOS ANDES VIS ANDES,e. 121 - 180 DIAS,7.9139237370515945,
224996,2025-09,COOPERATIVA DE AHORRO Y CREDITO VISION DE LOS ANDES VIS ANDES,f. 181 - 360 DIAS,8.622191246598291,
224997,2025-09,COOPERATIVA DE AHORRO Y CREDITO VISION DE LOS ANDES VIS ANDES,g. MAS DE 360 DIAS,10.059730211735495,
224998,2025-09,COOPERATIVA DE AHORRO Y CREDITO VISION LTDA,a. MENOS DE 30 DIAS,0.344127243462717,
224999,2025-09,COOPERATIVA DE AHORRO Y CREDITO VONNELAN,a. MENOS DE 30 DIAS,1.5,
225000,2025-09,COOPERATIVA DE AHORRO Y CREDITO VONNELAN,b. 30 - 60 DIAS,5.13,
225001,2025-09,COOPERATIVA DE AHORRO Y CREDITO VONNELAN,c. 61 - 90 DIAS,5.39,
225002,2025-09,COOPERATIVA DE AHORRO Y CREDITO VONNELAN,d. 91 - 120 DIAS,5.92,
225003,2025-09,COOPERATIVA DE AHORRO Y CREDITO VONNELAN,e. 121 - 180 DIAS,6.45,
225004,2025-09,COOPERATIVA DE AHORRO Y CREDITO VONNELAN,f. 181 - 360 DIAS,6.45,
225005,2025-09,COOPERATIVA DE AHORRO Y CREDITO VONNELAN,g. MAS DE 360 DIAS,6.75,
225006,2025-09,COOPERATIVA DE AHORRO Y CREDITO WARMIKUNAPAK RIKCHARI LTDA,a. MENOS DE 30 DIAS,1.0,
225007,2025-09,COOPERATIVA DE AHORRO Y CREDITO WARMIKUNAPAK RIKCHARI LTDA,b. 30 - 60 DIAS,11.5751371708726,
225008,2025-09,COOPERATIVA DE AHORRO Y CREDITO WARMIKUNAPAK RIKCHARI LTDA,c. 61 - 90 DIAS,11.7085805568234,
225009,2025-09,COOPERATIVA DE AHORRO Y CREDITO WARMIKUNAPAK RIKCHARI LTDA,d. 91 - 120 DIAS,11.8825401745267,
225010,2025-09,COOPERATIVA DE AHORRO Y CREDITO WARMIKUNAPAK RIKCHARI LTDA,e. 121 - 180 DIAS,12.2314022383147,
225011,2025-09,COOPERATIVA DE AHORRO Y CREDITO WARMIKUNAPAK RIKCHARI LTDA,f. 181 - 360 DIAS,11.4707707591342,
225012,2025-09,COOPERATIVA DE AHORRO Y CREDITO WARMIKUNAPAK RIKCHARI LTDA,g. MAS DE 360 DIAS,12.9582219757405,
225013,2025-09,COOPERATIVA DE AHORRO Y CREDITO WUAMANLOMA LTDA,a. MENOS DE 30 DIAS,0.01,
225014,2025-09,COOPERATIVA DE AHORRO Y CREDITO WUAMANLOMA LTDA,b. 30 - 60 DIAS,11.7872966385307,
225015,2025-09,COOPERATIVA DE AHORRO Y CREDITO WUAMANLOMA LTDA,c. 61 - 90 DIAS,10.3991553589988,
225016,2025-09,COOPERATIVA DE AHORRO Y CREDITO WUAMANLOMA LTDA,d. 91 - 120 DIAS,11.5708413934231,
225017,2025-09,COOPERATIVA DE AHORRO Y CREDITO WUAMANLOMA LTDA,f. 181 - 360 DIAS,12.2264006384856,
225018,2025-09,COOPERATIVA DE AHORRO Y CREDITO WUAMANLOMA LTDA,g. MAS DE 360 DIAS,11.6671542402647,
225019,2025-09,COOPERATIVA DE AHORRO Y CREDITO YUYAY LTDA,a. MENOS DE 30 DIAS,2.0,
225020,2025-09,COOPERATIVA DE AHORRO Y CREDITO YUYAY LTDA,b. 30 - 60 DIAS,5.729735638945657,
225021,2025-09,COOPERATIVA DE AHORRO Y CREDITO YUYAY LTDA,c. 61 - 90 DIAS,5.951187711734058,
225022,2025-09,COOPERATIVA DE AHORRO Y CREDITO YUYAY LTDA,d. 91 - 120 DIAS,6.415555716472284,
225023,2025-09,COOPERATIVA DE AHORRO Y CREDITO YUYAY LTDA,e. 121 - 180 DIAS,7.43983503020954,
225024,2025-09,COOPERATIVA DE AHORRO Y CREDITO YUYAY LTDA,f. 181 - 360 DIAS,8.136774668837736,
225025,2025-09,COOPERATIVA DE AHORRO Y CREDITO YUYAY LTDA,g. MAS DE 360 DIAS,9.197340644161525,
225026,2025-09,COOPERATIVA DE AHORRO Y CRÉDITO FUTURO SALCEDENSE,a. MENOS DE 30 DIAS,2.0,
225027,2025-09,COOPERATIVA DE AHORRO Y CRÉDITO FUTURO SALCEDENSE,b. 30 - 60 DIAS,7.23,
225028,2025-09,COOPERATIVA DE AHORRO Y CRÉDITO FUTURO SALCEDENSE,c. 61 - 90 DIAS,12.59,
225029,2025-09,COOPERATIVA DE AHORRO Y CRÉDITO FUTURO SALCEDENSE,d. 91 - 120 DIAS,12.49,
225030,2025-09,COOPERATIVA DE AHORRO Y CRÉDITO FUTURO SALCEDENSE,f. 181 - 360 DIAS,10.47112817089452,
225031,2025-09,COOPERATIVA DE AHORRO Y CRÉDITO FUTURO SALCEDENSE,g. MAS DE 360 DIAS,9.3,
225032,2025-09,"COOPERATIVA DE AHORRO Y CRÉDITO SOLIDARIDAD, EMPRENDIMIENTO Y COOPERACIÓN",a. MENOS DE 30 DIAS,3.0,
225033,2025-09,"COOPERATIVA DE AHORRO Y CRÉDITO SOLIDARIDAD, EMPRENDIMIENTO Y COOPERACIÓN",b. 30 - 60 DIAS,5.13,
225034,2025-09,"COOPERATIVA DE AHORRO Y CRÉDITO SOLIDARIDAD, EMPRENDIMIENTO Y COOPERACIÓN",c. 61 - 90 DIAS,6.06055545644723,
225035,2025-09,"COOPERATIVA DE AHORRO Y CRÉDITO SOLIDARIDAD, EMPRENDIMIENTO Y COOPERACIÓN",d. 91 - 120 DIAS,6.37288325236683,
225036,2025-09,"COOPERATIVA DE AHORRO Y CRÉDITO SOLIDARIDAD, EMPRENDIMIENTO Y COOPERACIÓN",e. 121 - 180 DIAS,6.93,
225037,2025-09,"COOPERATIVA DE AHORRO Y CRÉDITO SOLIDARIDAD, EMPRENDIMIENTO Y COOPERACIÓN",f. 181 - 360 DIAS,6.70050420168067,
225038,2025-09,"COOPERATIVA DE AHORRO Y CRÉDITO SOLIDARIDAD, EMPRENDIMIENTO Y COOPERACIÓN",g. MAS DE 360 DIAS,9.88866192362715,
225039,2025-09,CORPORACION FINANCIERA NACIONAL,b. 30 - 60 DIAS,1.51,AAA-
225040,2025-09,CORPORACION FINANCIERA NACIONAL,d. 91 - 120 DIAS,2.43,AAA-
225041,2025-09,CORPORACION FINANCIERA NACIONAL,f. 181 - 360 DIAS,2.69,AAA-
225042,2025-09,CORPORACION FINANCIERA NACIONAL,g. MAS DE 360 DIAS,3.3,AAA-
